[
    {
        "model": "core.user",
        "pk": 1,
        "fields": {
            "password": "pbkdf2_sha256$870000$2eSTlZwTlpOsa53rDX5qQZ$Z+7VIEwg9o1gDHayoV2q27FN2cgIZVdqouF+sWHEOEM=",
            "last_login": "2025-02-17T14:02:51.328Z",
            "is_superuser": true,
            "username": "admin",
            "first_name": "",
            "last_name": "",
            "email": "",
            "is_staff": true,
            "is_active": true,
            "date_joined": "2024-12-10T15:53:33.575Z",
            "role": "freelancer",
            "membership": "free",
            "phone_number": "",
            "is_profiled": false,
            "groups": [],
            "user_permissions": []
        }
    },
    {
        "model": "core.user",
        "pk": 94,
        "fields": {
            "password": "pbkdf2_sha256$870000$DiqIhSsqOmRBHvwY7Svk4S$PQaDMvTKwZzdP0z/jf/jvWng0IE8dhizAbmHEJ1Dc6s=",
            "last_login": null,
            "is_superuser": false,
            "username": "Sadguru",
            "first_name": "Sadguru",
            "last_name": "Chenu",
            "email": "sadgurustreak@gmail.com",
            "is_staff": false,
            "is_active": true,
            "date_joined": "2024-12-11T22:02:07Z",
            "role": "freelancer",
            "membership": "free",
            "phone_number": "",
            "is_profiled": true,
            "groups": [],
            "user_permissions": []
        }
    },
    {
        "model": "core.user",
        "pk": 99,
        "fields": {
            "password": "pbkdf2_sha256$870000$spqvpNsyYOWWPXOUH2lxlI$xy5iBTm7KJlCMbcSbSmG1u8cw9QVcFMXuQS4Qj54rbU=",
            "last_login": null,
            "is_superuser": false,
            "username": "A",
            "first_name": "",
            "last_name": "",
            "email": "pokaw@mailinator.com",
            "is_staff": false,
            "is_active": true,
            "date_joined": "2024-12-12T14:27:29.325Z",
            "role": "client",
            "membership": "free",
            "phone_number": "",
            "is_profiled": false,
            "groups": [],
            "user_permissions": []
        }
    },
    {
        "model": "core.user",
        "pk": 100,
        "fields": {
            "password": "pbkdf2_sha256$870000$s4FaqhzOJ8nZGVnErHFyEh$IUhyBT0tsD/qYoN7yT5Hra0HrjK/1eLsUbdLklLGKCo=",
            "last_login": null,
            "is_superuser": false,
            "username": "Sonu",
            "first_name": "",
            "last_name": "",
            "email": "ims.guru@gmail.com",
            "is_staff": false,
            "is_active": true,
            "date_joined": "2024-12-13T11:05:27.240Z",
            "role": "client",
            "membership": "free",
            "phone_number": "",
            "is_profiled": false,
            "groups": [],
            "user_permissions": []
        }
    },
    {
        "model": "core.user",
        "pk": 101,
        "fields": {
            "password": "pbkdf2_sha256$870000$G7Zu6u4HBT3cU8OPyDYjnu$K0xdAd32GtZ1/mKgh7uDqhnzeCkzOYB7xC2VNQrrz2g=",
            "last_login": null,
            "is_superuser": false,
            "username": "Kaka",
            "first_name": "Kaka",
            "last_name": "Kaka",
            "email": "kaka@gmail.com",
            "is_staff": false,
            "is_active": true,
            "date_joined": "2024-12-13T19:43:53.829Z",
            "role": "freelancer",
            "membership": "free",
            "phone_number": "",
            "is_profiled": true,
            "groups": [],
            "user_permissions": []
        }
    },
    {
        "model": "core.user",
        "pk": 102,
        "fields": {
            "password": "pbkdf2_sha256$870000$NHz6r00T8lX39IIoel7ect$a21som9t1LhVxbcZJbuTGM5VQ//btFKoJaJyhvquO6E=",
            "last_login": null,
            "is_superuser": false,
            "username": "Mama",
            "first_name": "AIS",
            "last_name": "afas",
            "email": "kahsb@gmail.com",
            "is_staff": false,
            "is_active": true,
            "date_joined": "2024-12-13T19:59:48.327Z",
            "role": "freelancer",
            "membership": "free",
            "phone_number": "",
            "is_profiled": true,
            "groups": [],
            "user_permissions": []
        }
    },
    {
        "model": "core.user",
        "pk": 104,
        "fields": {
            "password": "pbkdf2_sha256$870000$HLY29U549f8Jq1op42C2x4$7YiEGaLaEGpAakbrcDISHz2OCFhqZaDHoukwFDLUdrI=",
            "last_login": null,
            "is_superuser": false,
            "username": "Vinod",
            "first_name": "Vinod",
            "last_name": "Kumar",
            "email": "vinod@abcd.com",
            "is_staff": false,
            "is_active": true,
            "date_joined": "2025-01-08T05:05:04.804Z",
            "role": "freelancer",
            "membership": "free",
            "phone_number": "",
            "is_profiled": true,
            "groups": [],
            "user_permissions": []
        }
    },
    {
        "model": "core.connection",
        "pk": 5,
        "fields": {
            "from_user": 100,
            "to_user": 94,
            "status": "accepted",
            "created_at": "2025-02-17T19:47:02.692Z",
            "updated_at": "2025-02-17T19:47:02.692Z"
        }
    },
    {
        "model": "core.category",
        "pk": 3,
        "fields": {
            "name": "Content Writing",
            "description": "Writing"
        }
    },
    {
        "model": "core.category",
        "pk": 4,
        "fields": {
            "name": "Copywriting",
            "description": "Copywriting"
        }
    },
    {
        "model": "core.category",
        "pk": 5,
        "fields": {
            "name": "Technical Writing",
            "description": "Technical Writing"
        }
    },
    {
        "model": "core.category",
        "pk": 6,
        "fields": {
            "name": "Graphic Design",
            "description": "Graphic Design"
        }
    },
    {
        "model": "core.category",
        "pk": 7,
        "fields": {
            "name": "Web Design",
            "description": "Web Design"
        }
    },
    {
        "model": "core.category",
        "pk": 8,
        "fields": {
            "name": "Web Development",
            "description": "Web Development"
        }
    },
    {
        "model": "core.category",
        "pk": 9,
        "fields": {
            "name": "Mobile App Development",
            "description": "Mobile App Development"
        }
    },
    {
        "model": "core.category",
        "pk": 10,
        "fields": {
            "name": "Digital Marketing",
            "description": "Digital Marketing"
        }
    },
    {
        "model": "core.category",
        "pk": 11,
        "fields": {
            "name": "Social Media Management",
            "description": "Social Media Management"
        }
    },
    {
        "model": "core.category",
        "pk": 12,
        "fields": {
            "name": "Virtual Assistance",
            "description": "Virtual Assistance"
        }
    },
    {
        "model": "core.category",
        "pk": 13,
        "fields": {
            "name": "Translation",
            "description": "Skills related to Translation"
        }
    },
    {
        "model": "core.category",
        "pk": 14,
        "fields": {
            "name": "Video Editing",
            "description": "Skills related to Video Editing"
        }
    },
    {
        "model": "core.category",
        "pk": 15,
        "fields": {
            "name": "Data Science",
            "description": "Skills related to Data Science"
        }
    },
    {
        "model": "core.category",
        "pk": 16,
        "fields": {
            "name": "Finance & Accounting",
            "description": "Skills related to Finance & Accounting"
        }
    },
    {
        "model": "core.category",
        "pk": 17,
        "fields": {
            "name": "Project Management",
            "description": "Skills related to Project Management"
        }
    },
    {
        "model": "core.category",
        "pk": 18,
        "fields": {
            "name": "E-commerce Management",
            "description": "Skills related to E-commerce Management"
        }
    },
    {
        "model": "core.category",
        "pk": 19,
        "fields": {
            "name": "Customer Support",
            "description": "Skills related to Customer Support"
        }
    },
    {
        "model": "core.category",
        "pk": 20,
        "fields": {
            "name": "Human Resources",
            "description": "Skills related to Human Resources"
        }
    },
    {
        "model": "core.category",
        "pk": 21,
        "fields": {
            "name": "Legal",
            "description": "Skills related to Legal"
        }
    },
    {
        "model": "core.category",
        "pk": 22,
        "fields": {
            "name": "Education & Training",
            "description": "Skills related to Education & Training"
        }
    },
    {
        "model": "core.category",
        "pk": 23,
        "fields": {
            "name": "Music & Audio",
            "description": "Skills related to Music & Audio"
        }
    },
    {
        "model": "core.category",
        "pk": 24,
        "fields": {
            "name": "3D Modeling & Animation",
            "description": "Skills related to 3D Modeling & Animation"
        }
    },
    {
        "model": "core.category",
        "pk": 25,
        "fields": {
            "name": "Game Development",
            "description": "Skills related to Game Development"
        }
    },
    {
        "model": "core.skill",
        "pk": 3,
        "fields": {
            "category": 3,
            "name": "Blog Post Writing",
            "description": "Skill: Blog Post Writing"
        }
    },
    {
        "model": "core.skill",
        "pk": 4,
        "fields": {
            "category": 3,
            "name": "Article Writing",
            "description": "Skill: Article Writing"
        }
    },
    {
        "model": "core.skill",
        "pk": 5,
        "fields": {
            "category": 3,
            "name": "Website Copywriting",
            "description": "Skill: Website Copywriting"
        }
    },
    {
        "model": "core.skill",
        "pk": 6,
        "fields": {
            "category": 3,
            "name": "SEO Writing",
            "description": "Skill: SEO Writing"
        }
    },
    {
        "model": "core.skill",
        "pk": 7,
        "fields": {
            "category": 3,
            "name": "Social Media Content Creation",
            "description": "Skill: Social Media Content Creation"
        }
    },
    {
        "model": "core.skill",
        "pk": 8,
        "fields": {
            "category": 3,
            "name": "Email Newsletter Writing",
            "description": "Skill: Email Newsletter Writing"
        }
    },
    {
        "model": "core.skill",
        "pk": 9,
        "fields": {
            "category": 3,
            "name": "Product Descriptions",
            "description": "Skill: Product Descriptions"
        }
    },
    {
        "model": "core.skill",
        "pk": 10,
        "fields": {
            "category": 3,
            "name": "Scriptwriting",
            "description": "Skill: Scriptwriting"
        }
    },
    {
        "model": "core.skill",
        "pk": 11,
        "fields": {
            "category": 3,
            "name": "Ghostwriting",
            "description": "Skill: Ghostwriting"
        }
    },
    {
        "model": "core.skill",
        "pk": 12,
        "fields": {
            "category": 4,
            "name": "Sales Letter Writing",
            "description": "Skill: Sales Letter Writing"
        }
    },
    {
        "model": "core.skill",
        "pk": 13,
        "fields": {
            "category": 4,
            "name": "Ad Copywriting",
            "description": "Skill: Ad Copywriting"
        }
    },
    {
        "model": "core.skill",
        "pk": 14,
        "fields": {
            "category": 4,
            "name": "Email Marketing Copywriting",
            "description": "Skill: Email Marketing Copywriting"
        }
    },
    {
        "model": "core.skill",
        "pk": 15,
        "fields": {
            "category": 4,
            "name": "Website Landing Page Copywriting",
            "description": "Skill: Website Landing Page Copywriting"
        }
    },
    {
        "model": "core.skill",
        "pk": 16,
        "fields": {
            "category": 4,
            "name": "Slogan and Tagline Creation",
            "description": "Skill: Slogan and Tagline Creation"
        }
    },
    {
        "model": "core.skill",
        "pk": 17,
        "fields": {
            "category": 4,
            "name": "Direct Response Marketing Copywriting",
            "description": "Skill: Direct Response Marketing Copywriting"
        }
    },
    {
        "model": "core.skill",
        "pk": 18,
        "fields": {
            "category": 4,
            "name": "Brand Storytelling",
            "description": "Skill: Brand Storytelling"
        }
    },
    {
        "model": "core.skill",
        "pk": 19,
        "fields": {
            "category": 5,
            "name": "User Manuals",
            "description": "Skill: User Manuals"
        }
    },
    {
        "model": "core.skill",
        "pk": 20,
        "fields": {
            "category": 5,
            "name": "API Documentation",
            "description": "Skill: API Documentation"
        }
    },
    {
        "model": "core.skill",
        "pk": 21,
        "fields": {
            "category": 5,
            "name": "White Papers",
            "description": "Skill: White Papers"
        }
    },
    {
        "model": "core.skill",
        "pk": 22,
        "fields": {
            "category": 5,
            "name": "Technical Reports",
            "description": "Skill: Technical Reports"
        }
    },
    {
        "model": "core.skill",
        "pk": 23,
        "fields": {
            "category": 5,
            "name": "Training Materials",
            "description": "Skill: Training Materials"
        }
    },
    {
        "model": "core.skill",
        "pk": 24,
        "fields": {
            "category": 5,
            "name": "Help Center Articles",
            "description": "Skill: Help Center Articles"
        }
    },
    {
        "model": "core.skill",
        "pk": 25,
        "fields": {
            "category": 5,
            "name": "Software Documentation",
            "description": "Skill: Software Documentation"
        }
    },
    {
        "model": "core.skill",
        "pk": 26,
        "fields": {
            "category": 6,
            "name": "Logo Design",
            "description": "Skill: Logo Design"
        }
    },
    {
        "model": "core.skill",
        "pk": 27,
        "fields": {
            "category": 6,
            "name": "Branding",
            "description": "Skill: Branding"
        }
    },
    {
        "model": "core.skill",
        "pk": 28,
        "fields": {
            "category": 6,
            "name": "Web Design (Visual)",
            "description": "Skill: Web Design (Visual)"
        }
    },
    {
        "model": "core.skill",
        "pk": 29,
        "fields": {
            "category": 6,
            "name": "Print Design",
            "description": "Skill: Print Design"
        }
    },
    {
        "model": "core.skill",
        "pk": 30,
        "fields": {
            "category": 6,
            "name": "Social Media Graphics",
            "description": "Skill: Social Media Graphics"
        }
    },
    {
        "model": "core.skill",
        "pk": 31,
        "fields": {
            "category": 6,
            "name": "Infographics",
            "description": "Skill: Infographics"
        }
    },
    {
        "model": "core.skill",
        "pk": 32,
        "fields": {
            "category": 6,
            "name": "Illustration",
            "description": "Skill: Illustration"
        }
    },
    {
        "model": "core.skill",
        "pk": 33,
        "fields": {
            "category": 7,
            "name": "UX/UI Design",
            "description": "Skill: UX/UI Design"
        }
    },
    {
        "model": "core.skill",
        "pk": 34,
        "fields": {
            "category": 7,
            "name": "Responsive Design",
            "description": "Skill: Responsive Design"
        }
    },
    {
        "model": "core.skill",
        "pk": 35,
        "fields": {
            "category": 7,
            "name": "Website Mockups",
            "description": "Skill: Website Mockups"
        }
    },
    {
        "model": "core.skill",
        "pk": 36,
        "fields": {
            "category": 7,
            "name": "Wireframing",
            "description": "Skill: Wireframing"
        }
    },
    {
        "model": "core.skill",
        "pk": 37,
        "fields": {
            "category": 7,
            "name": "HTML/CSS",
            "description": "Skill: HTML/CSS"
        }
    },
    {
        "model": "core.skill",
        "pk": 38,
        "fields": {
            "category": 7,
            "name": "WordPress Development",
            "description": "Skill: WordPress Development"
        }
    },
    {
        "model": "core.skill",
        "pk": 39,
        "fields": {
            "category": 7,
            "name": "E-commerce Website Design",
            "description": "Skill: E-commerce Website Design"
        }
    },
    {
        "model": "core.skill",
        "pk": 40,
        "fields": {
            "category": 8,
            "name": "Front-End Development",
            "description": "Skill: Front-End Development"
        }
    },
    {
        "model": "core.skill",
        "pk": 41,
        "fields": {
            "category": 8,
            "name": "Back-End Development",
            "description": "Skill: Back-End Development"
        }
    },
    {
        "model": "core.skill",
        "pk": 42,
        "fields": {
            "category": 8,
            "name": "Full-Stack Development",
            "description": "Skill: Full-Stack Development"
        }
    },
    {
        "model": "core.skill",
        "pk": 43,
        "fields": {
            "category": 8,
            "name": "Database Management",
            "description": "Skill: Database Management"
        }
    },
    {
        "model": "core.skill",
        "pk": 44,
        "fields": {
            "category": 8,
            "name": "API Development",
            "description": "Skill: API Development"
        }
    },
    {
        "model": "core.skill",
        "pk": 45,
        "fields": {
            "category": 8,
            "name": "Web Security",
            "description": "Skill: Web Security"
        }
    },
    {
        "model": "core.skill",
        "pk": 46,
        "fields": {
            "category": 9,
            "name": "iOS Development",
            "description": "Skill: iOS Development"
        }
    },
    {
        "model": "core.skill",
        "pk": 47,
        "fields": {
            "category": 9,
            "name": "Android Development",
            "description": "Skill: Android Development"
        }
    },
    {
        "model": "core.skill",
        "pk": 48,
        "fields": {
            "category": 9,
            "name": "Cross-Platform Development",
            "description": "Skill: Cross-Platform Development"
        }
    },
    {
        "model": "core.skill",
        "pk": 49,
        "fields": {
            "category": 9,
            "name": "UI/UX Design for Mobile Apps",
            "description": "Skill: UI/UX Design for Mobile Apps"
        }
    },
    {
        "model": "core.skill",
        "pk": 50,
        "fields": {
            "category": 9,
            "name": "App Store Optimization",
            "description": "Skill: App Store Optimization"
        }
    },
    {
        "model": "core.skill",
        "pk": 51,
        "fields": {
            "category": 10,
            "name": "Search Engine Optimization (SEO)",
            "description": "Skill: Search Engine Optimization (SEO)"
        }
    },
    {
        "model": "core.skill",
        "pk": 52,
        "fields": {
            "category": 10,
            "name": "Search Engine Marketing (SEM)",
            "description": "Skill: Search Engine Marketing (SEM)"
        }
    },
    {
        "model": "core.skill",
        "pk": 53,
        "fields": {
            "category": 10,
            "name": "Social Media Marketing",
            "description": "Skill: Social Media Marketing"
        }
    },
    {
        "model": "core.skill",
        "pk": 54,
        "fields": {
            "category": 10,
            "name": "Email Marketing",
            "description": "Skill: Email Marketing"
        }
    },
    {
        "model": "core.skill",
        "pk": 55,
        "fields": {
            "category": 10,
            "name": "Content Marketing",
            "description": "Skill: Content Marketing"
        }
    },
    {
        "model": "core.skill",
        "pk": 56,
        "fields": {
            "category": 10,
            "name": "Analytics and Reporting",
            "description": "Skill: Analytics and Reporting"
        }
    },
    {
        "model": "core.skill",
        "pk": 57,
        "fields": {
            "category": 11,
            "name": "Social Media Strategy Development",
            "description": "Skill: Social Media Strategy Development"
        }
    },
    {
        "model": "core.skill",
        "pk": 58,
        "fields": {
            "category": 11,
            "name": "Content Creation and Curation",
            "description": "Skill: Content Creation and Curation"
        }
    },
    {
        "model": "core.skill",
        "pk": 59,
        "fields": {
            "category": 11,
            "name": "Community Management",
            "description": "Skill: Community Management"
        }
    },
    {
        "model": "core.skill",
        "pk": 60,
        "fields": {
            "category": 11,
            "name": "Social Media Advertising",
            "description": "Skill: Social Media Advertising"
        }
    },
    {
        "model": "core.skill",
        "pk": 61,
        "fields": {
            "category": 11,
            "name": "Social Media Analytics",
            "description": "Skill: Social Media Analytics"
        }
    },
    {
        "model": "core.skill",
        "pk": 62,
        "fields": {
            "category": 12,
            "name": "Administrative Tasks",
            "description": "Skill: Administrative Tasks"
        }
    },
    {
        "model": "core.skill",
        "pk": 63,
        "fields": {
            "category": 12,
            "name": "Customer Support",
            "description": "Skill: Customer Support"
        }
    },
    {
        "model": "core.skill",
        "pk": 64,
        "fields": {
            "category": 12,
            "name": "Project Management",
            "description": "Skill: Project Management"
        }
    },
    {
        "model": "core.skill",
        "pk": 65,
        "fields": {
            "category": 12,
            "name": "Social Media Management",
            "description": "Skill: Social Media Management"
        }
    },
    {
        "model": "core.skill",
        "pk": 66,
        "fields": {
            "category": 12,
            "name": "Bookkeeping",
            "description": "Skill: Bookkeeping"
        }
    },
    {
        "model": "core.skill",
        "pk": 67,
        "fields": {
            "category": 12,
            "name": "Technical Support",
            "description": "Skill: Technical Support"
        }
    },
    {
        "model": "core.skill",
        "pk": 68,
        "fields": {
            "category": 13,
            "name": "English to Spanish",
            "description": "Skill: English to Spanish"
        }
    },
    {
        "model": "core.skill",
        "pk": 69,
        "fields": {
            "category": 13,
            "name": "Spanish to English",
            "description": "Skill: Spanish to English"
        }
    },
    {
        "model": "core.skill",
        "pk": 70,
        "fields": {
            "category": 13,
            "name": "English to French",
            "description": "Skill: English to French"
        }
    },
    {
        "model": "core.skill",
        "pk": 71,
        "fields": {
            "category": 13,
            "name": "French to English",
            "description": "Skill: French to English"
        }
    },
    {
        "model": "core.skill",
        "pk": 72,
        "fields": {
            "category": 13,
            "name": "English to German",
            "description": "Skill: English to German"
        }
    },
    {
        "model": "core.skill",
        "pk": 73,
        "fields": {
            "category": 13,
            "name": "German to English",
            "description": "Skill: German to English"
        }
    },
    {
        "model": "core.skill",
        "pk": 74,
        "fields": {
            "category": 13,
            "name": "Other Language Combinations",
            "description": "Skill: Other Language Combinations"
        }
    },
    {
        "model": "core.skill",
        "pk": 75,
        "fields": {
            "category": 14,
            "name": "Video Editing (Short-Form)",
            "description": "Skill: Video Editing (Short-Form)"
        }
    },
    {
        "model": "core.skill",
        "pk": 76,
        "fields": {
            "category": 14,
            "name": "Video Editing (Long-Form)",
            "description": "Skill: Video Editing (Long-Form)"
        }
    },
    {
        "model": "core.skill",
        "pk": 77,
        "fields": {
            "category": 14,
            "name": "Motion Graphics",
            "description": "Skill: Motion Graphics"
        }
    },
    {
        "model": "core.skill",
        "pk": 78,
        "fields": {
            "category": 14,
            "name": "Color Grading",
            "description": "Skill: Color Grading"
        }
    },
    {
        "model": "core.skill",
        "pk": 79,
        "fields": {
            "category": 14,
            "name": "Sound Editing",
            "description": "Skill: Sound Editing"
        }
    },
    {
        "model": "core.skill",
        "pk": 80,
        "fields": {
            "category": 15,
            "name": "Data Analysis",
            "description": "Skill: Data Analysis"
        }
    },
    {
        "model": "core.skill",
        "pk": 81,
        "fields": {
            "category": 15,
            "name": "Machine Learning",
            "description": "Skill: Machine Learning"
        }
    },
    {
        "model": "core.skill",
        "pk": 82,
        "fields": {
            "category": 15,
            "name": "Data Visualization",
            "description": "Skill: Data Visualization"
        }
    },
    {
        "model": "core.skill",
        "pk": 83,
        "fields": {
            "category": 15,
            "name": "Statistical Modeling",
            "description": "Skill: Statistical Modeling"
        }
    },
    {
        "model": "core.skill",
        "pk": 84,
        "fields": {
            "category": 15,
            "name": "Big Data",
            "description": "Skill: Big Data"
        }
    },
    {
        "model": "core.skill",
        "pk": 85,
        "fields": {
            "category": 15,
            "name": "Data Mining",
            "description": "Skill: Data Mining"
        }
    },
    {
        "model": "core.skill",
        "pk": 86,
        "fields": {
            "category": 16,
            "name": "Financial Analysis",
            "description": "Skill: Financial Analysis"
        }
    },
    {
        "model": "core.skill",
        "pk": 87,
        "fields": {
            "category": 16,
            "name": "Accounting",
            "description": "Skill: Accounting"
        }
    },
    {
        "model": "core.skill",
        "pk": 88,
        "fields": {
            "category": 16,
            "name": "Tax Preparation",
            "description": "Skill: Tax Preparation"
        }
    },
    {
        "model": "core.skill",
        "pk": 89,
        "fields": {
            "category": 16,
            "name": "Financial Modeling",
            "description": "Skill: Financial Modeling"
        }
    },
    {
        "model": "core.skill",
        "pk": 90,
        "fields": {
            "category": 17,
            "name": "Agile Project Management",
            "description": "Skill: Agile Project Management"
        }
    },
    {
        "model": "core.skill",
        "pk": 91,
        "fields": {
            "category": 17,
            "name": "Scrum",
            "description": "Skill: Scrum"
        }
    },
    {
        "model": "core.skill",
        "pk": 92,
        "fields": {
            "category": 17,
            "name": "Waterfall Project Management",
            "description": "Skill: Waterfall Project Management"
        }
    },
    {
        "model": "core.skill",
        "pk": 93,
        "fields": {
            "category": 17,
            "name": "Project Planning",
            "description": "Skill: Project Planning"
        }
    },
    {
        "model": "core.skill",
        "pk": 94,
        "fields": {
            "category": 17,
            "name": "Risk Management",
            "description": "Skill: Risk Management"
        }
    },
    {
        "model": "core.skill",
        "pk": 95,
        "fields": {
            "category": 18,
            "name": "Shopify Management",
            "description": "Skill: Shopify Management"
        }
    },
    {
        "model": "core.skill",
        "pk": 96,
        "fields": {
            "category": 18,
            "name": "Amazon Seller Central",
            "description": "Skill: Amazon Seller Central"
        }
    },
    {
        "model": "core.skill",
        "pk": 97,
        "fields": {
            "category": 18,
            "name": "eBay Management",
            "description": "Skill: eBay Management"
        }
    },
    {
        "model": "core.skill",
        "pk": 98,
        "fields": {
            "category": 18,
            "name": "Product Listing",
            "description": "Skill: Product Listing"
        }
    },
    {
        "model": "core.skill",
        "pk": 99,
        "fields": {
            "category": 18,
            "name": "Order Fulfillment",
            "description": "Skill: Order Fulfillment"
        }
    },
    {
        "model": "core.skill",
        "pk": 100,
        "fields": {
            "category": 19,
            "name": "Email Support",
            "description": "Skill: Email Support"
        }
    },
    {
        "model": "core.skill",
        "pk": 101,
        "fields": {
            "category": 19,
            "name": "Chat Support",
            "description": "Skill: Chat Support"
        }
    },
    {
        "model": "core.skill",
        "pk": 102,
        "fields": {
            "category": 19,
            "name": "Phone Support",
            "description": "Skill: Phone Support"
        }
    },
    {
        "model": "core.skill",
        "pk": 103,
        "fields": {
            "category": 19,
            "name": "Customer Service Management",
            "description": "Skill: Customer Service Management"
        }
    },
    {
        "model": "core.skill",
        "pk": 104,
        "fields": {
            "category": 20,
            "name": "Recruiting",
            "description": "Skill: Recruiting"
        }
    },
    {
        "model": "core.skill",
        "pk": 105,
        "fields": {
            "category": 20,
            "name": "Onboarding",
            "description": "Skill: Onboarding"
        }
    },
    {
        "model": "core.skill",
        "pk": 106,
        "fields": {
            "category": 20,
            "name": "Payroll",
            "description": "Skill: Payroll"
        }
    },
    {
        "model": "core.skill",
        "pk": 107,
        "fields": {
            "category": 20,
            "name": "HR Compliance",
            "description": "Skill: HR Compliance"
        }
    },
    {
        "model": "core.skill",
        "pk": 108,
        "fields": {
            "category": 21,
            "name": "Contract Drafting",
            "description": "Skill: Contract Drafting"
        }
    },
    {
        "model": "core.skill",
        "pk": 109,
        "fields": {
            "category": 21,
            "name": "Legal Research",
            "description": "Skill: Legal Research"
        }
    },
    {
        "model": "core.skill",
        "pk": 110,
        "fields": {
            "category": 21,
            "name": "Intellectual Property",
            "description": "Skill: Intellectual Property"
        }
    },
    {
        "model": "core.skill",
        "pk": 111,
        "fields": {
            "category": 22,
            "name": "Online Tutoring",
            "description": "Skill: Online Tutoring"
        }
    },
    {
        "model": "core.skill",
        "pk": 112,
        "fields": {
            "category": 22,
            "name": "Course Creation",
            "description": "Skill: Course Creation"
        }
    },
    {
        "model": "core.skill",
        "pk": 113,
        "fields": {
            "category": 22,
            "name": "Instructional Design",
            "description": "Skill: Instructional Design"
        }
    },
    {
        "model": "core.skill",
        "pk": 114,
        "fields": {
            "category": 22,
            "name": "Corporate Training",
            "description": "Skill: Corporate Training"
        }
    },
    {
        "model": "core.skill",
        "pk": 115,
        "fields": {
            "category": 23,
            "name": "Music Production",
            "description": "Skill: Music Production"
        }
    },
    {
        "model": "core.skill",
        "pk": 116,
        "fields": {
            "category": 23,
            "name": "Sound Design",
            "description": "Skill: Sound Design"
        }
    },
    {
        "model": "core.skill",
        "pk": 117,
        "fields": {
            "category": 23,
            "name": "Voiceover Recording",
            "description": "Skill: Voiceover Recording"
        }
    },
    {
        "model": "core.skill",
        "pk": 118,
        "fields": {
            "category": 23,
            "name": "Audio Editing",
            "description": "Skill: Audio Editing"
        }
    },
    {
        "model": "core.skill",
        "pk": 119,
        "fields": {
            "category": 24,
            "name": "3D Modeling",
            "description": "Skill: 3D Modeling"
        }
    },
    {
        "model": "core.skill",
        "pk": 120,
        "fields": {
            "category": 24,
            "name": "3D Animation",
            "description": "Skill: 3D Animation"
        }
    },
    {
        "model": "core.skill",
        "pk": 121,
        "fields": {
            "category": 24,
            "name": "Character Modeling",
            "description": "Skill: Character Modeling"
        }
    },
    {
        "model": "core.skill",
        "pk": 122,
        "fields": {
            "category": 24,
            "name": "Rendering",
            "description": "Skill: Rendering"
        }
    },
    {
        "model": "core.skill",
        "pk": 123,
        "fields": {
            "category": 25,
            "name": "Game Design",
            "description": "Skill: Game Design"
        }
    },
    {
        "model": "core.skill",
        "pk": 124,
        "fields": {
            "category": 25,
            "name": "Game Programming",
            "description": "Skill: Game Programming"
        }
    },
    {
        "model": "core.skill",
        "pk": 125,
        "fields": {
            "category": 25,
            "name": "Unity Development",
            "description": "Skill: Unity Development"
        }
    },
    {
        "model": "core.skill",
        "pk": 126,
        "fields": {
            "category": 25,
            "name": "Unreal Engine Development",
            "description": "Skill: Unreal Engine Development"
        }
    },
    {
        "model": "core.project",
        "pk": 25,
        "fields": {
            "title": "Mobile App for Local Farmers Market",
            "description": "<p>Develop a mobile application (iOS and Android) that connects local farmers with consumers. The app will allow farmers to list their products, set prices, and manage inventory. Consumers can browse products, place orders, and choose pickup locations or delivery options. The app will also include a payment gateway and a notification system for order updates and market news.</p>",
            "budget": "13511.00",
            "deadline": "2025-03-31",
            "client": 100,
            "created_at": "2025-02-12T19:39:53Z",
            "domain": 9,
            "is_collaborative": true,
            "isSubscribed": false,
            "status": "pending",
            "payment_status": "not_initiated",
            "total_spent": "289681.00",
            "skills_required": []
        }
    },
    {
        "model": "core.project",
        "pk": 28,
        "fields": {
            "title": "Another Projects",
            "description": "<p>Another Projects</p>",
            "budget": "32513.00",
            "deadline": "2025-02-20",
            "client": 100,
            "created_at": "2025-01-13T12:26:30Z",
            "domain": 5,
            "is_collaborative": true,
            "isSubscribed": false,
            "status": "pending",
            "payment_status": "not_initiated",
            "total_spent": "325827.00",
            "skills_required": []
        }
    },
    {
        "model": "core.project",
        "pk": 51,
        "fields": {
            "title": "Asdas",
            "description": "<p>fasasf</p>",
            "budget": "423412.00",
            "deadline": "2025-02-28",
            "client": 100,
            "created_at": "2025-02-11T18:38:12Z",
            "domain": 5,
            "is_collaborative": false,
            "isSubscribed": false,
            "status": "ongoing",
            "payment_status": "not_initiated",
            "total_spent": "2356.00",
            "skills_required": [
                23
            ]
        }
    },
    {
        "model": "core.project",
        "pk": 52,
        "fields": {
            "title": "Mobile App for Local Farmers Market",
            "description": "<p>Develop a mobile application (iOS and Android) that connects local farmers with consumers. The app will allow farmers to list their products, set prices, and manage inventory. Consumers can browse products, place orders, and choose pickup locations or delivery options. The app will also include a payment gateway and a notification system for order updates and market news.</p>",
            "budget": "13511.00",
            "deadline": "2025-03-31",
            "client": 100,
            "created_at": "2025-02-12T19:39:53Z",
            "domain": 9,
            "is_collaborative": true,
            "isSubscribed": false,
            "status": "ongoing",
            "payment_status": "not_initiated",
            "total_spent": "289681.00",
            "skills_required": []
        }
    },
    {
        "model": "core.project",
        "pk": 56,
        "fields": {
            "title": "Project A",
            "description": "<p>asfas</p>",
            "budget": "235.00",
            "deadline": "2025-02-27",
            "client": 100,
            "created_at": "2025-02-16T07:47:06.695Z",
            "domain": 4,
            "is_collaborative": true,
            "isSubscribed": false,
            "status": "pending",
            "payment_status": "not_initiated",
            "total_spent": "0.00",
            "skills_required": []
        }
    },
    {
        "model": "core.project",
        "pk": 57,
        "fields": {
            "title": "As",
            "description": "<p>asfa</p>",
            "budget": "1346.00",
            "deadline": "2025-02-21",
            "client": 100,
            "created_at": "2025-02-16T07:53:06.373Z",
            "domain": 5,
            "is_collaborative": true,
            "isSubscribed": false,
            "status": "pending",
            "payment_status": "not_initiated",
            "total_spent": "0.00",
            "skills_required": []
        }
    },
    {
        "model": "core.task",
        "pk": 3,
        "fields": {
            "project": 25,
            "title": "Front End Part",
            "description": "<p>Develop a mobile application (iOS and Android) that connects local farmers with consumers. The app will allow farmers to list their products, set prices, and manage inventory. Consumers can browse products, place orders, and choose pickup locations or delivery options. The app will also include a payment gateway and a notification system for order updates and market news.</p>",
            "budget": "21439.00",
            "deadline": "2025-03-04",
            "assigned_to": null,
            "created_at": "2025-02-12T19:39:53.417Z",
            "status": "completed",
            "payment_status": "completed",
            "is_payment_updated": true,
            "completed_at": "2025-02-13T14:04:53Z",
            "skills_required_for_task": [
                49
            ]
        }
    },
    {
        "model": "core.task",
        "pk": 4,
        "fields": {
            "project": 25,
            "title": "Do Backend",
            "description": "<p>Develop a mobile application (iOS and Android) that connects local farmers with consumers. The app will allow farmers to list their products, set prices, and manage inventory. Consumers can browse products, place orders, and choose pickup locations or delivery options. The app will also include a payment gateway and a notification system for order updates and market news.</p>",
            "budget": "134121.00",
            "deadline": "2025-03-31",
            "assigned_to": null,
            "created_at": "2025-02-12T19:39:53.429Z",
            "status": "completed",
            "payment_status": "completed",
            "is_payment_updated": true,
            "completed_at": "2025-02-13T14:02:29Z",
            "skills_required_for_task": [
                47,
                48,
                50
            ]
        }
    },
    {
        "model": "core.task",
        "pk": 6,
        "fields": {
            "project": 28,
            "title": "Asfsdasf",
            "description": "<p>afasdfasfasf</p>",
            "budget": "3512.00",
            "deadline": "2025-02-16",
            "assigned_to": null,
            "created_at": "2025-02-13T12:26:30.183Z",
            "status": "pending",
            "payment_status": "not_initiated",
            "is_payment_updated": false,
            "completed_at": null,
            "skills_required_for_task": [
                21
            ]
        }
    },
    {
        "model": "core.task",
        "pk": 7,
        "fields": {
            "project": 52,
            "title": "Front End Part",
            "description": "<p>Develop a mobile application (iOS and Android) that connects local farmers with consumers. The app will allow farmers to list their products, set prices, and manage inventory. Consumers can browse products, place orders, and choose pickup locations or delivery options. The app will also include a payment gateway and a notification system for order updates and market news.</p>",
            "budget": "21439.00",
            "deadline": "2025-03-04",
            "assigned_to": null,
            "created_at": "2025-02-13T21:42:04.673Z",
            "status": "completed",
            "payment_status": "completed",
            "is_payment_updated": true,
            "completed_at": "2025-02-13T14:04:53Z",
            "skills_required_for_task": []
        }
    },
    {
        "model": "core.task",
        "pk": 8,
        "fields": {
            "project": 52,
            "title": "Do Backend",
            "description": "<p>Develop a mobile application (iOS and Android) that connects local farmers with consumers. The app will allow farmers to list their products, set prices, and manage inventory. Consumers can browse products, place orders, and choose pickup locations or delivery options. The app will also include a payment gateway and a notification system for order updates and market news.</p>",
            "budget": "134121.00",
            "deadline": "2025-03-31",
            "assigned_to": null,
            "created_at": "2025-02-13T21:42:04.677Z",
            "status": "completed",
            "payment_status": "completed",
            "is_payment_updated": true,
            "completed_at": "2025-02-13T14:02:29Z",
            "skills_required_for_task": []
        }
    },
    {
        "model": "core.task",
        "pk": 10,
        "fields": {
            "project": 56,
            "title": "Asfa",
            "description": "<p>sfa</p>",
            "budget": "41412.00",
            "deadline": "2025-02-28",
            "assigned_to": null,
            "created_at": "2025-02-16T07:47:06.704Z",
            "status": "pending",
            "payment_status": "not_initiated",
            "is_payment_updated": false,
            "completed_at": null,
            "skills_required_for_task": [
                15
            ]
        }
    },
    {
        "model": "core.task",
        "pk": 11,
        "fields": {
            "project": 57,
            "title": "dsafasd",
            "description": "<p>fasdfasda</p>",
            "budget": "231235.00",
            "deadline": "2025-04-15",
            "assigned_to": null,
            "created_at": "2025-02-16T07:53:06.382Z",
            "status": "pending",
            "payment_status": "not_initiated",
            "is_payment_updated": false,
            "completed_at": null,
            "skills_required_for_task": [
                23,
                24
            ]
        }
    },
    {
        "model": "core.payment",
        "pk": 1,
        "fields": {
            "from_user": 100,
            "to_user": 94,
            "payment_for": "task",
            "project": 52,
            "task": 7,
            "amount": "24121.00",
            "payment_date": "2025-02-15T18:53:12.277Z",
            "payment_method": "GPAY",
            "status": "paid",
            "invoice_number": null,
            "transaction_id": null,
            "currency": "INR",
            "installment_period": null,
            "discount_promo": null,
            "notes": ""
        }
    },
   

    {
        "model": "Profile.clientprofile",
        "pk": 18,
        "fields": {
            "user": 99,
            "location": "",
            "profile_picture": "",
            "dob": null,
            "bio": null,
            "description": null,
            "bank_name": "",
            "bank_account_number": "",
            "bank_ifsc": "",
            "bank_verified": false,
            "id_proof": "",
            "id_verified": false,
            "company_name": null,
            "company_website": null,
            "company_registration_number": null,
            "successful_projects": 0,
            "all_projects_posted": 0,
            "average_rating": "0.00",
            "honesty_score": 0,
            "payment_history": []
        }
    },
    {
        "model": "Profile.clientprofile",
        "pk": 19,
        "fields": {
            "user": 100,
            "location": "Hyderabad, Telangana",
            "profile_picture": "profile_pictures/IMG-20231219-WA0017_tjqBM8G.jpg",
            "dob": null,
            "bio": "I'm a Client, I'm a job Giver",
            "description": null,
            "bank_name": "",
            "bank_account_number": "",
            "bank_ifsc": "",
            "bank_verified": false,
            "id_proof": "",
            "id_verified": false,
            "company_name": "",
            "company_website": "",
            "company_registration_number": "",
            "successful_projects": 0,
            "all_projects_posted": 24,
            "average_rating": "3.00",
            "honesty_score": 0,
            "payment_history": []
        }
    },
    {
        "model": "Profile.freelancerprofile",
        "pk": 73,
        "fields": {
            "user": 94,
            "location": "Hyderabad",
            "profile_picture": "",
            "category": null,
            "dob": "2003-01-29",
            "bio": "Bio",
            "description": null,
            "bank_name": "",
            "bank_account_number": "",
            "bank_ifsc": "",
            "card_number": "32058172564918",
            "expiry_date": "12/27",
            "cvv": "777",
            "bank_verified": false,
            "id_proof": "",
            "id_verified": false,
            "company_name": null,
            "company_website": null,
            "company_registration_number": null,
            "number_of_completed_tasks": 0,
            "total_tasks_assigned": 0,
            "average_rating": "3.00",
            "portfolio_url": null,
            "portfolio_description": null,
            "honesty_score": 0,
            "skills": [],
            "payment_history": []
        }
    },
    {
        "model": "Profile.freelancerprofile",
        "pk": 74,
        "fields": {
            "user": 101,
            "location": "Kakanagar",
            "profile_picture": "",
            "category": null,
            "dob": "2012-12-12",
            "bio": "Kaka",
            "description": null,
            "bank_name": "",
            "bank_account_number": "",
            "bank_ifsc": "",
            "card_number": "338297693827349",
            "expiry_date": "23/44",
            "cvv": "214",
            "bank_verified": false,
            "id_proof": "",
            "id_verified": false,
            "company_name": null,
            "company_website": null,
            "company_registration_number": null,
            "number_of_completed_tasks": 0,
            "total_tasks_assigned": 0,
            "average_rating": "0.00",
            "portfolio_url": null,
            "portfolio_description": null,
            "honesty_score": 0,
            "skills": [],
            "payment_history": []
        }
    },
    {
        "model": "Profile.freelancerprofile",
        "pk": 75,
        "fields": {
            "user": 102,
            "location": "sdafs",
            "profile_picture": "",
            "category": null,
            "dob": "2012-12-12",
            "bio": "adsfsad",
            "description": null,
            "bank_name": "",
            "bank_account_number": "",
            "bank_ifsc": "",
            "card_number": "asfasdfasdfa",
            "expiry_date": "23/15",
            "cvv": "152",
            "bank_verified": false,
            "id_proof": "",
            "id_verified": false,
            "company_name": null,
            "company_website": null,
            "company_registration_number": null,
            "number_of_completed_tasks": 0,
            "total_tasks_assigned": 0,
            "average_rating": "0.00",
            "portfolio_url": null,
            "portfolio_description": null,
            "honesty_score": 0,
            "skills": [],
            "payment_history": []
        }
    },
    {
        "model": "Profile.freelancerprofile",
        "pk": 76,
        "fields": {
            "user": 104,
            "location": "KPHB",
            "profile_picture": "",
            "category": null,
            "dob": "2009-12-12",
            "bio": "Parama Chetha",
            "description": null,
            "bank_name": "",
            "bank_account_number": "",
            "bank_ifsc": "",
            "card_number": "",
            "expiry_date": "",
            "cvv": "",
            "bank_verified": false,
            "id_proof": "",
            "id_verified": false,
            "company_name": null,
            "company_website": null,
            "company_registration_number": null,
            "number_of_completed_tasks": 0,
            "total_tasks_assigned": 0,
            "average_rating": "0.00",
            "portfolio_url": null,
            "portfolio_description": null,
            "honesty_score": 0,
            "skills": [],
            "payment_history": []
        }
    },
    {
        "model": "client.activity",
        "pk": 2,
        "fields": {
            "user": 100,
            "activity_type": "project_deleted",
            "description": "Deleted project: Tommy",
            "timestamp": "2025-02-12T19:55:32.652Z",
            "related_model": "project",
            "related_object_id": 27
        }
    },
    {
        "model": "client.activity",
        "pk": 4,
        "fields": {
            "user": 100,
            "activity_type": "project_created",
            "description": "Created project: Asdas",
            "timestamp": "2025-02-13T18:38:12.923Z",
            "related_model": "project",
            "related_object_id": 51
        }
    },
    {
        "model": "client.activity",
        "pk": 5,
        "fields": {
            "user": 100,
            "activity_type": "payment_sent",
            "description": "Sent Payment to: Sadguru",
            "timestamp": "2025-02-14T20:03:55.858Z",
            "related_model": "payment",
            "related_object_id": 23
        }
    },
    {
        "model": "client.activity",
        "pk": 6,
        "fields": {
            "user": 100,
            "activity_type": "payment_failed",
            "description": "Payment Failed: Payment of 12000/-",
            "timestamp": "2025-02-15T11:04:53.860Z",
            "related_model": "payment",
            "related_object_id": 21
        }
    },
    {
        "model": "client.activity",
        "pk": 7,
        "fields": {
            "user": 100,
            "activity_type": "event_created",
            "description": "Need to take a meet",
            "timestamp": "2025-02-15T17:11:00.266Z",
            "related_model": "event",
            "related_object_id": 124
        }
    },
    {
        "model": "client.activity",
        "pk": 8,
        "fields": {
            "user": 100,
            "activity_type": "event_deleted",
            "description": "Deleted Event: oasdv",
            "timestamp": "2025-02-15T17:40:30.595Z",
            "related_model": "event",
            "related_object_id": 14
        }
    },
    {
        "model": "client.activity",
        "pk": 10,
        "fields": {
            "user": 100,
            "activity_type": "event_created",
            "description": "Created Event: Have a meet",
            "timestamp": "2025-02-16T07:06:07.711Z",
            "related_model": "event",
            "related_object_id": 16
        }
    },
    {
        "model": "client.activity",
        "pk": 11,
        "fields": {
            "user": 100,
            "activity_type": "event_updated",
            "description": "Updated Event: Have a GMeet",
            "timestamp": "2025-02-16T07:06:19.653Z",
            "related_model": "event",
            "related_object_id": 16
        }
    },
    {
        "model": "client.activity",
        "pk": 12,
        "fields": {
            "user": 100,
            "activity_type": "event_deleted",
            "description": "Deleted Event: Have a GMeet",
            "timestamp": "2025-02-16T07:06:21.933Z",
            "related_model": "event",
            "related_object_id": 16
        }
    },
    {
        "model": "client.activity",
        "pk": 14,
        "fields": {
            "user": 100,
            "activity_type": "event_created",
            "description": "Created Event: ABCD",
            "timestamp": "2025-02-16T07:52:10.778Z",
            "related_model": "event",
            "related_object_id": 17
        }
    },
    {
        "model": "client.activity",
        "pk": 15,
        "fields": {
            "user": 100,
            "activity_type": "event_updated",
            "description": "Updated Event: ABCDEF",
            "timestamp": "2025-02-16T07:52:17.655Z",
            "related_model": "event",
            "related_object_id": 17
        }
    },
    {
        "model": "client.activity",
        "pk": 16,
        "fields": {
            "user": 100,
            "activity_type": "event_deleted",
            "description": "Deleted Event: ABCDEF",
            "timestamp": "2025-02-16T07:52:19.354Z",
            "related_model": "event",
            "related_object_id": 17
        }
    },
    {
        "model": "client.activity",
        "pk": 17,
        "fields": {
            "user": 100,
            "activity_type": "profile_updated",
            "description": "Updated Profile: Sonu - Changed fields: bio, location, bank_name, bank_account_number, bank_ifsc, id_verified, company_name, company_website, company_registration_number, profile_picture",
            "timestamp": "2025-02-19T08:05:56.161Z",
            "related_model": "client_profile",
            "related_object_id": 19
        }
    },
    {
        "model": "client.activity",
        "pk": 18,
        "fields": {
            "user": 100,
            "activity_type": "profile_updated",
            "description": "Updated Profile: Sonu - Changed fields: bio, location, bank_name, bank_account_number, bank_ifsc, id_verified, company_name, company_website, company_registration_number, profile_picture",
            "timestamp": "2025-02-19T13:56:10.067Z",
            "related_model": "client_profile",
            "related_object_id": 19
        }
    },
    {
        "model": "token_blacklist.outstandingtoken",
        "pk": 1,
        "fields": {
            "user": 94,
            "jti": "7f534379120643c4be405e4c28983223",
            "token": "eyJhbGciOiJIUzI1NiIsInR5cCI6IkpXVCJ9.eyJ0b2tlbl90eXBlIjoicmVmcmVzaCIsImV4cCI6MTczNDA5ODQxNywiaWF0IjoxNzM0MDEyMDE3LCJqdGkiOiI3ZjUzNDM3OTEyMDY0M2M0YmU0MDVlNGMyODk4MzIyMyIsInVzZXJfaWQiOjk0fQ.wHsQpo9TH-cho0svEbU3FfUdHTu0mY2AlCdFD_1Lwpk",
            "created_at": "2024-12-12T14:00:17.381Z",
            "expires_at": "2024-12-13T14:00:17Z"
        }
    },
    {
        "model": "token_blacklist.outstandingtoken",
        "pk": 2,
        "fields": {
            "user": 94,
            "jti": "f765932de61c416fac582d5add60efb8",
            "token": "eyJhbGciOiJIUzI1NiIsInR5cCI6IkpXVCJ9.eyJ0b2tlbl90eXBlIjoicmVmcmVzaCIsImV4cCI6MTczNDA5ODQ3OSwiaWF0IjoxNzM0MDEyMDc5LCJqdGkiOiJmNzY1OTMyZGU2MWM0MTZmYWM1ODJkNWFkZDYwZWZiOCIsInVzZXJfaWQiOjk0fQ.GzqfSU44WkJ9fNeiPp3A-2888WlwBxQOavse8Yum1Hg",
            "created_at": "2024-12-12T14:01:19.060Z",
            "expires_at": "2024-12-13T14:01:19Z"
        }
    },
    {
        "model": "token_blacklist.outstandingtoken",
        "pk": 3,
        "fields": {
            "user": 94,
            "jti": "1d120c4d8d0a4f0fa233313a831a2c9e",
            "token": "eyJhbGciOiJIUzI1NiIsInR5cCI6IkpXVCJ9.eyJ0b2tlbl90eXBlIjoicmVmcmVzaCIsImV4cCI6MTczNDA5ODUyMiwiaWF0IjoxNzM0MDEyMTIyLCJqdGkiOiIxZDEyMGM0ZDhkMGE0ZjBmYTIzMzMxM2E4MzFhMmM5ZSIsInVzZXJfaWQiOjk0fQ.Fgdj8NWTmX6OVmUSFlelCHapWy2w_wYuJ5dKfYbR2xc",
            "created_at": "2024-12-12T14:02:02.732Z",
            "expires_at": "2024-12-13T14:02:02Z"
        }
    },
    {
        "model": "token_blacklist.outstandingtoken",
        "pk": 4,
        "fields": {
            "user": 94,
            "jti": "7fe6f496827d4808864e73944ab34350",
            "token": "eyJhbGciOiJIUzI1NiIsInR5cCI6IkpXVCJ9.eyJ0b2tlbl90eXBlIjoicmVmcmVzaCIsImV4cCI6MTczNDA5ODYyMCwiaWF0IjoxNzM0MDEyMjIwLCJqdGkiOiI3ZmU2ZjQ5NjgyN2Q0ODA4ODY0ZTczOTQ0YWIzNDM1MCIsInVzZXJfaWQiOjk0fQ.g7XHZ2S64tP2vzB7TJcOQ0Tc6ibXFrAu84xl-EjHtAE",
            "created_at": "2024-12-12T14:03:40.139Z",
            "expires_at": "2024-12-13T14:03:40Z"
        }
    },
    {
        "model": "token_blacklist.outstandingtoken",
        "pk": 5,
        "fields": {
            "user": 94,
            "jti": "593b4632e4d847de96ae972ebbe87d30",
            "token": "eyJhbGciOiJIUzI1NiIsInR5cCI6IkpXVCJ9.eyJ0b2tlbl90eXBlIjoicmVmcmVzaCIsImV4cCI6MTczNDA5ODgzNSwiaWF0IjoxNzM0MDEyNDM1LCJqdGkiOiI1OTNiNDYzMmU0ZDg0N2RlOTZhZTk3MmViYmU4N2QzMCIsInVzZXJfaWQiOjk0fQ.xcQfWq4wIGuiG9f22GL-2HaZroHExGcxHUhFHF61PO4",
            "created_at": "2024-12-12T14:07:15.972Z",
            "expires_at": "2024-12-13T14:07:15Z"
        }
    },
    {
        "model": "token_blacklist.outstandingtoken",
        "pk": 6,
        "fields": {
            "user": null,
            "jti": "e74ce7d58843437ab281e265cbe098fe",
            "token": "eyJhbGciOiJIUzI1NiIsInR5cCI6IkpXVCJ9.eyJ0b2tlbl90eXBlIjoicmVmcmVzaCIsImV4cCI6MTczNDA5ODg4OSwiaWF0IjoxNzM0MDEyNDg5LCJqdGkiOiJlNzRjZTdkNTg4NDM0MzdhYjI4MWUyNjVjYmUwOThmZSIsInVzZXJfaWQiOjk1fQ.cnYnVujtnkNbAbgFXj5xApLIJOiwzLML3feXrBG6P50",
            "created_at": "2024-12-12T14:08:09.503Z",
            "expires_at": "2024-12-13T14:08:09Z"
        }
    },
    {
        "model": "token_blacklist.outstandingtoken",
        "pk": 7,
        "fields": {
            "user": null,
            "jti": "a6bdd6e8249c43de930dbc5d760a6c9f",
            "token": "eyJhbGciOiJIUzI1NiIsInR5cCI6IkpXVCJ9.eyJ0b2tlbl90eXBlIjoicmVmcmVzaCIsImV4cCI6MTczNDA5OTAwNSwiaWF0IjoxNzM0MDEyNjA1LCJqdGkiOiJhNmJkZDZlODI0OWM0M2RlOTMwZGJjNWQ3NjBhNmM5ZiIsInVzZXJfaWQiOjk2fQ.89nfIvuVGc0I-5NFzknqFX_Em7btfUmZjJ1WJOZHOpI",
            "created_at": "2024-12-12T14:10:05.425Z",
            "expires_at": "2024-12-13T14:10:05Z"
        }
    },
    {
        "model": "token_blacklist.outstandingtoken",
        "pk": 8,
        "fields": {
            "user": 94,
            "jti": "e6a842483e3a49669480753f0d5a6fda",
            "token": "eyJhbGciOiJIUzI1NiIsInR5cCI6IkpXVCJ9.eyJ0b2tlbl90eXBlIjoicmVmcmVzaCIsImV4cCI6MTczNDA5OTgzMywiaWF0IjoxNzM0MDEzNDMzLCJqdGkiOiJlNmE4NDI0ODNlM2E0OTY2OTQ4MDc1M2YwZDVhNmZkYSIsInVzZXJfaWQiOjk0fQ.IV_n00lW1IIzp6WVoSwtIS513LzcTXEjNdZ5_vxWAI4",
            "created_at": "2024-12-12T14:23:53.891Z",
            "expires_at": "2024-12-13T14:23:53Z"
        }
    },
    {
        "model": "token_blacklist.outstandingtoken",
        "pk": 9,
        "fields": {
            "user": null,
            "jti": "1792d124f7f34d0c8a0aeeafca202cdf",
            "token": "eyJhbGciOiJIUzI1NiIsInR5cCI6IkpXVCJ9.eyJ0b2tlbl90eXBlIjoicmVmcmVzaCIsImV4cCI6MTczNDA5OTg2NiwiaWF0IjoxNzM0MDEzNDY2LCJqdGkiOiIxNzkyZDEyNGY3ZjM0ZDBjOGEwYWVlYWZjYTIwMmNkZiIsInVzZXJfaWQiOjk3fQ.OpIpwd-54qd9PUWokccB0DNh9wO1y_APcyj1afkAmfI",
            "created_at": "2024-12-12T14:24:26.644Z",
            "expires_at": "2024-12-13T14:24:26Z"
        }
    },
    {
        "model": "token_blacklist.outstandingtoken",
        "pk": 10,
        "fields": {
            "user": null,
            "jti": "68ff0606c6a04754918c2d5f1112f8e7",
            "token": "eyJhbGciOiJIUzI1NiIsInR5cCI6IkpXVCJ9.eyJ0b2tlbl90eXBlIjoicmVmcmVzaCIsImV4cCI6MTczNDA5OTk1MCwiaWF0IjoxNzM0MDEzNTUwLCJqdGkiOiI2OGZmMDYwNmM2YTA0NzU0OTE4YzJkNWYxMTEyZjhlNyIsInVzZXJfaWQiOjk4fQ.QgFDFcA17mF5mnO8UjmJRWPx2C-l-feBVHBZydewO40",
            "created_at": "2024-12-12T14:25:50.743Z",
            "expires_at": "2024-12-13T14:25:50Z"
        }
    },
    {
        "model": "token_blacklist.outstandingtoken",
        "pk": 11,
        "fields": {
            "user": 99,
            "jti": "3ec8b4e82ddb4b15938cc894cfaa52b1",
            "token": "eyJhbGciOiJIUzI1NiIsInR5cCI6IkpXVCJ9.eyJ0b2tlbl90eXBlIjoicmVmcmVzaCIsImV4cCI6MTczNDEwMDA1MCwiaWF0IjoxNzM0MDEzNjUwLCJqdGkiOiIzZWM4YjRlODJkZGI0YjE1OTM4Y2M4OTRjZmFhNTJiMSIsInVzZXJfaWQiOjk5fQ.c9GB-jIznkW2L6kONQ3A-fnxO5rmXIfIccTme4BxE7Y",
            "created_at": "2024-12-12T14:27:30.476Z",
            "expires_at": "2024-12-13T14:27:30Z"
        }
    },
    {
        "model": "token_blacklist.outstandingtoken",
        "pk": 12,
        "fields": {
            "user": 94,
            "jti": "3942d16457d34e718239eac58b0b2c0b",
            "token": "eyJhbGciOiJIUzI1NiIsInR5cCI6IkpXVCJ9.eyJ0b2tlbl90eXBlIjoicmVmcmVzaCIsImV4cCI6MTczNDExMzMzMiwiaWF0IjoxNzM0MDI2OTMyLCJqdGkiOiIzOTQyZDE2NDU3ZDM0ZTcxODIzOWVhYzU4YjBiMmMwYiIsInVzZXJfaWQiOjk0fQ.JyH3YKoxxj9yx7DLKUAGVlFFxYeNi6lmlNlgkblAdjY",
            "created_at": "2024-12-12T18:08:52.397Z",
            "expires_at": "2024-12-13T18:08:52Z"
        }
    },
    {
        "model": "token_blacklist.outstandingtoken",
        "pk": 13,
        "fields": {
            "user": 94,
            "jti": "c3a464374bda4666b8dc206890b599c3",
            "token": "eyJhbGciOiJIUzI1NiIsInR5cCI6IkpXVCJ9.eyJ0b2tlbl90eXBlIjoicmVmcmVzaCIsImV4cCI6MTczNDE3MzExNCwiaWF0IjoxNzM0MDg2NzE0LCJqdGkiOiJjM2E0NjQzNzRiZGE0NjY2YjhkYzIwNjg5MGI1OTljMyIsInVzZXJfaWQiOjk0fQ.SSq7OeHCHquocO0EXJjxQxt3-IvrGb04JnrkUF2v2jU",
            "created_at": "2024-12-13T10:45:14.897Z",
            "expires_at": "2024-12-14T10:45:14Z"
        }
    },
    {
        "model": "token_blacklist.outstandingtoken",
        "pk": 14,
        "fields": {
            "user": 94,
            "jti": "ea09bd7cc9264e17a9088983dda33919",
            "token": "eyJhbGciOiJIUzI1NiIsInR5cCI6IkpXVCJ9.eyJ0b2tlbl90eXBlIjoicmVmcmVzaCIsImV4cCI6MTczNDE3NDIxNywiaWF0IjoxNzM0MDg3ODE3LCJqdGkiOiJlYTA5YmQ3Y2M5MjY0ZTE3YTkwODg5ODNkZGEzMzkxOSIsInVzZXJfaWQiOjk0fQ.xMx8TrlzGejwwKvPzGReqbgS0DoKLjuataMEy25-z3E",
            "created_at": "2024-12-13T11:03:37.596Z",
            "expires_at": "2024-12-14T11:03:37Z"
        }
    },
    {
        "model": "token_blacklist.outstandingtoken",
        "pk": 15,
        "fields": {
            "user": 100,
            "jti": "c59e6be91aa3451681fa37249390fd2b",
            "token": "eyJhbGciOiJIUzI1NiIsInR5cCI6IkpXVCJ9.eyJ0b2tlbl90eXBlIjoicmVmcmVzaCIsImV4cCI6MTczNDE3NDMyOCwiaWF0IjoxNzM0MDg3OTI4LCJqdGkiOiJjNTllNmJlOTFhYTM0NTE2ODFmYTM3MjQ5MzkwZmQyYiIsInVzZXJfaWQiOjEwMH0.dlVTPJNyMcuFn0lvJPctMwYF22Q1vQ-_gZAA5w7fE2Q",
            "created_at": "2024-12-13T11:05:28.393Z",
            "expires_at": "2024-12-14T11:05:28Z"
        }
    },
    {
        "model": "token_blacklist.outstandingtoken",
        "pk": 16,
        "fields": {
            "user": 94,
            "jti": "b4a2c1d6ac3c4c9a9e27d77d08100801",
            "token": "eyJhbGciOiJIUzI1NiIsInR5cCI6IkpXVCJ9.eyJ0b2tlbl90eXBlIjoicmVmcmVzaCIsImV4cCI6MTczNDE5MDg0MiwiaWF0IjoxNzM0MTA0NDQyLCJqdGkiOiJiNGEyYzFkNmFjM2M0YzlhOWUyN2Q3N2QwODEwMDgwMSIsInVzZXJfaWQiOjk0fQ.VajqVSZrJXZd4YsUXLXUdTtvmrGcntvRtuqLeST7Pk4",
            "created_at": "2024-12-13T15:40:42.130Z",
            "expires_at": "2024-12-14T15:40:42Z"
        }
    },
    {
        "model": "token_blacklist.outstandingtoken",
        "pk": 17,
        "fields": {
            "user": 100,
            "jti": "937ae05ac1e14467a3eddc6ecf87e1e6",
            "token": "eyJhbGciOiJIUzI1NiIsInR5cCI6IkpXVCJ9.eyJ0b2tlbl90eXBlIjoicmVmcmVzaCIsImV4cCI6MTczNDE5MDg1MiwiaWF0IjoxNzM0MTA0NDUyLCJqdGkiOiI5MzdhZTA1YWMxZTE0NDY3YTNlZGRjNmVjZjg3ZTFlNiIsInVzZXJfaWQiOjEwMH0._G3bX9SF_zl1pfrzNf0NQA1AXzBfENRfEkCl-a8Dgl0",
            "created_at": "2024-12-13T15:40:52.390Z",
            "expires_at": "2024-12-14T15:40:52Z"
        }
    },
    {
        "model": "token_blacklist.outstandingtoken",
        "pk": 18,
        "fields": {
            "user": 100,
            "jti": "51b1077b407b4a2f8925bd2da1a5ab97",
            "token": "eyJhbGciOiJIUzI1NiIsInR5cCI6IkpXVCJ9.eyJ0b2tlbl90eXBlIjoicmVmcmVzaCIsImV4cCI6MTczNDE5MTk0NSwiaWF0IjoxNzM0MTA1NTQ1LCJqdGkiOiI1MWIxMDc3YjQwN2I0YTJmODkyNWJkMmRhMWE1YWI5NyIsInVzZXJfaWQiOjEwMH0.qRvCBbHhsus7LLsJ-ZR4GBsY4BusJql-MDWPaWtS9pU",
            "created_at": "2024-12-13T15:59:05.046Z",
            "expires_at": "2024-12-14T15:59:05Z"
        }
    },
    {
        "model": "token_blacklist.outstandingtoken",
        "pk": 19,
        "fields": {
            "user": 100,
            "jti": "f19274a9fdea420c93b5a67354a7569e",
            "token": "eyJhbGciOiJIUzI1NiIsInR5cCI6IkpXVCJ9.eyJ0b2tlbl90eXBlIjoicmVmcmVzaCIsImV4cCI6MTczNDE5Mjg5MiwiaWF0IjoxNzM0MTA2NDkyLCJqdGkiOiJmMTkyNzRhOWZkZWE0MjBjOTNiNWE2NzM1NGE3NTY5ZSIsInVzZXJfaWQiOjEwMH0.6VO0JYVTfJUq5FOp0gaMYfkOgzAqmN3kf_1iCqlSDwM",
            "created_at": "2024-12-13T16:14:52.752Z",
            "expires_at": "2024-12-14T16:14:52Z"
        }
    },
    {
        "model": "token_blacklist.outstandingtoken",
        "pk": 20,
        "fields": {
            "user": 94,
            "jti": "a6b825d988d64f9dbd84a094ec4d6dfc",
            "token": "eyJhbGciOiJIUzI1NiIsInR5cCI6IkpXVCJ9.eyJ0b2tlbl90eXBlIjoicmVmcmVzaCIsImV4cCI6MTczNDE5OTk0OSwiaWF0IjoxNzM0MTEzNTQ5LCJqdGkiOiJhNmI4MjVkOTg4ZDY0ZjlkYmQ4NGEwOTRlYzRkNmRmYyIsInVzZXJfaWQiOjk0fQ.Vj_Q1BitqbTSgKa9jxGXrZvDYd6IVPcrCpP-lRYRAy8",
            "created_at": "2024-12-13T18:12:29.657Z",
            "expires_at": "2024-12-14T18:12:29Z"
        }
    },
    {
        "model": "token_blacklist.outstandingtoken",
        "pk": 21,
        "fields": {
            "user": 100,
            "jti": "450e300a308842b8af0d1ff5ede9bb51",
            "token": "eyJhbGciOiJIUzI1NiIsInR5cCI6IkpXVCJ9.eyJ0b2tlbl90eXBlIjoicmVmcmVzaCIsImV4cCI6MTczNDE5OTk2OCwiaWF0IjoxNzM0MTEzNTY4LCJqdGkiOiI0NTBlMzAwYTMwODg0MmI4YWYwZDFmZjVlZGU5YmI1MSIsInVzZXJfaWQiOjEwMH0.N8ro1zJem9UGK7zrIY6k10cqY04ZCdSqtMkIZNH4hvE",
            "created_at": "2024-12-13T18:12:48.582Z",
            "expires_at": "2024-12-14T18:12:48Z"
        }
    },
    {
        "model": "token_blacklist.outstandingtoken",
        "pk": 22,
        "fields": {
            "user": 94,
            "jti": "49a11d0e58a24a66a1304533d762b0f0",
            "token": "eyJhbGciOiJIUzI1NiIsInR5cCI6IkpXVCJ9.eyJ0b2tlbl90eXBlIjoicmVmcmVzaCIsImV4cCI6MTczNDIwMDI1MiwiaWF0IjoxNzM0MTEzODUyLCJqdGkiOiI0OWExMWQwZTU4YTI0YTY2YTEzMDQ1MzNkNzYyYjBmMCIsInVzZXJfaWQiOjk0fQ.i_YuHVkMXawnFBlFRb-iuN7kq_wVAd-yirht-b1X9Gk",
            "created_at": "2024-12-13T18:17:32.143Z",
            "expires_at": "2024-12-14T18:17:32Z"
        }
    },
    {
        "model": "token_blacklist.outstandingtoken",
        "pk": 23,
        "fields": {
            "user": 100,
            "jti": "634b6928ca9d457c9e32adf8d96c4992",
            "token": "eyJhbGciOiJIUzI1NiIsInR5cCI6IkpXVCJ9.eyJ0b2tlbl90eXBlIjoicmVmcmVzaCIsImV4cCI6MTczNDIwMDI5MCwiaWF0IjoxNzM0MTEzODkwLCJqdGkiOiI2MzRiNjkyOGNhOWQ0NTdjOWUzMmFkZjhkOTZjNDk5MiIsInVzZXJfaWQiOjEwMH0.6ks9fgDFFnqeTaqG9B6ogFxZApC_qFfVxR5QYnpq90s",
            "created_at": "2024-12-13T18:18:10.828Z",
            "expires_at": "2024-12-14T18:18:10Z"
        }
    },
    {
        "model": "token_blacklist.outstandingtoken",
        "pk": 24,
        "fields": {
            "user": 100,
            "jti": "0399baacd0bf4b149554214328906cab",
            "token": "eyJhbGciOiJIUzI1NiIsInR5cCI6IkpXVCJ9.eyJ0b2tlbl90eXBlIjoicmVmcmVzaCIsImV4cCI6MTczNDIwMDUzOSwiaWF0IjoxNzM0MTE0MTM5LCJqdGkiOiIwMzk5YmFhY2QwYmY0YjE0OTU1NDIxNDMyODkwNmNhYiIsInVzZXJfaWQiOjEwMH0.x8SfB7z-CXirefkHshxVjStmLD79voshJmN7o2sY6HI",
            "created_at": "2024-12-13T18:22:19.592Z",
            "expires_at": "2024-12-14T18:22:19Z"
        }
    },
    {
        "model": "token_blacklist.outstandingtoken",
        "pk": 25,
        "fields": {
            "user": 100,
            "jti": "5d489f659a3144dfb7f54c2b6a2eaa7f",
            "token": "eyJhbGciOiJIUzI1NiIsInR5cCI6IkpXVCJ9.eyJ0b2tlbl90eXBlIjoicmVmcmVzaCIsImV4cCI6MTczNDIwMDU5MCwiaWF0IjoxNzM0MTE0MTkwLCJqdGkiOiI1ZDQ4OWY2NTlhMzE0NGRmYjdmNTRjMmI2YTJlYWE3ZiIsInVzZXJfaWQiOjEwMH0.Zub2w0FkMJ-Y9MIHeJ2tQQInTl1Lljtq_f2Hs1f0cT4",
            "created_at": "2024-12-13T18:23:10.133Z",
            "expires_at": "2024-12-14T18:23:10Z"
        }
    },
    {
        "model": "token_blacklist.outstandingtoken",
        "pk": 26,
        "fields": {
            "user": 100,
            "jti": "f22b8cf7904e42169c3e393df7b5dec7",
            "token": "eyJhbGciOiJIUzI1NiIsInR5cCI6IkpXVCJ9.eyJ0b2tlbl90eXBlIjoicmVmcmVzaCIsImV4cCI6MTczNDIwNTMxMywiaWF0IjoxNzM0MTE4OTEzLCJqdGkiOiJmMjJiOGNmNzkwNGU0MjE2OWMzZTM5M2RmN2I1ZGVjNyIsInVzZXJfaWQiOjEwMH0.wHl7FYPkplY5HaGheePXZZv1Urftrtz4nldQxHwkpSo",
            "created_at": "2024-12-13T19:41:53.855Z",
            "expires_at": "2024-12-14T19:41:53Z"
        }
    },
    {
        "model": "token_blacklist.outstandingtoken",
        "pk": 27,
        "fields": {
            "user": 100,
            "jti": "1044ae5096654e86b68841cbb9a5b1eb",
            "token": "eyJhbGciOiJIUzI1NiIsInR5cCI6IkpXVCJ9.eyJ0b2tlbl90eXBlIjoicmVmcmVzaCIsImV4cCI6MTczNDIwNTMzMiwiaWF0IjoxNzM0MTE4OTMyLCJqdGkiOiIxMDQ0YWU1MDk2NjU0ZTg2YjY4ODQxY2JiOWE1YjFlYiIsInVzZXJfaWQiOjEwMH0.qfCnR0LhCB8LuJGVvHLjbEOGsq5pWE9Q2Ye5-ZzPVUY",
            "created_at": "2024-12-13T19:42:12.111Z",
            "expires_at": "2024-12-14T19:42:12Z"
        }
    },
    {
        "model": "token_blacklist.outstandingtoken",
        "pk": 28,
        "fields": {
            "user": 101,
            "jti": "5e5da34158dd4dd084013e9e968da443",
            "token": "eyJhbGciOiJIUzI1NiIsInR5cCI6IkpXVCJ9.eyJ0b2tlbl90eXBlIjoicmVmcmVzaCIsImV4cCI6MTczNDIwNTQzNCwiaWF0IjoxNzM0MTE5MDM0LCJqdGkiOiI1ZTVkYTM0MTU4ZGQ0ZGQwODQwMTNlOWU5NjhkYTQ0MyIsInVzZXJfaWQiOjEwMX0.-YfKLuJ3ToOlwmh4yrBqT-Yq-vE0PdoiXfR1TddHk0g",
            "created_at": "2024-12-13T19:43:54.427Z",
            "expires_at": "2024-12-14T19:43:54Z"
        }
    },
    {
        "model": "token_blacklist.outstandingtoken",
        "pk": 29,
        "fields": {
            "user": 101,
            "jti": "c8113214ce6f4c7b885aec165da50025",
            "token": "eyJhbGciOiJIUzI1NiIsInR5cCI6IkpXVCJ9.eyJ0b2tlbl90eXBlIjoicmVmcmVzaCIsImV4cCI6MTczNDIwNTQ3MiwiaWF0IjoxNzM0MTE5MDcyLCJqdGkiOiJjODExMzIxNGNlNmY0YzdiODg1YWVjMTY1ZGE1MDAyNSIsInVzZXJfaWQiOjEwMX0.Vk3XCNMSYzksgu_-sua3P-yiZ14i3l6dPAvYexwl1Rk",
            "created_at": "2024-12-13T19:44:32.842Z",
            "expires_at": "2024-12-14T19:44:32Z"
        }
    },
    {
        "model": "token_blacklist.outstandingtoken",
        "pk": 30,
        "fields": {
            "user": 101,
            "jti": "19e635d13cf24807a7512eaa8e26d6c1",
            "token": "eyJhbGciOiJIUzI1NiIsInR5cCI6IkpXVCJ9.eyJ0b2tlbl90eXBlIjoicmVmcmVzaCIsImV4cCI6MTczNDIwNTUyMCwiaWF0IjoxNzM0MTE5MTIwLCJqdGkiOiIxOWU2MzVkMTNjZjI0ODA3YTc1MTJlYWE4ZTI2ZDZjMSIsInVzZXJfaWQiOjEwMX0.C48EEosIRju2gA5d7wYbJPClj1hAlkNvIB8WZS0fnwA",
            "created_at": "2024-12-13T19:45:20.674Z",
            "expires_at": "2024-12-14T19:45:20Z"
        }
    },
    {
        "model": "token_blacklist.outstandingtoken",
        "pk": 31,
        "fields": {
            "user": 94,
            "jti": "94945b7425764d31a249e24087aa813a",
            "token": "eyJhbGciOiJIUzI1NiIsInR5cCI6IkpXVCJ9.eyJ0b2tlbl90eXBlIjoicmVmcmVzaCIsImV4cCI6MTczNDIwNjM1MywiaWF0IjoxNzM0MTE5OTUzLCJqdGkiOiI5NDk0NWI3NDI1NzY0ZDMxYTI0OWUyNDA4N2FhODEzYSIsInVzZXJfaWQiOjk0fQ.0fqNvcjQoDSGfVVRbZVu_K7mYBc2Rsg-zFiaTgiwB58",
            "created_at": "2024-12-13T19:59:13.048Z",
            "expires_at": "2024-12-14T19:59:13Z"
        }
    },
    {
        "model": "token_blacklist.outstandingtoken",
        "pk": 32,
        "fields": {
            "user": 102,
            "jti": "3235d19a43094aa8a9a46c254c759124",
            "token": "eyJhbGciOiJIUzI1NiIsInR5cCI6IkpXVCJ9.eyJ0b2tlbl90eXBlIjoicmVmcmVzaCIsImV4cCI6MTczNDIwNjM4OCwiaWF0IjoxNzM0MTE5OTg4LCJqdGkiOiIzMjM1ZDE5YTQzMDk0YWE4YTlhNDZjMjU0Yzc1OTEyNCIsInVzZXJfaWQiOjEwMn0.DlyhHyG55asAapW_sO1WhmhEiTRFRjD6VZBKyFw7wOI",
            "created_at": "2024-12-13T19:59:48.925Z",
            "expires_at": "2024-12-14T19:59:48Z"
        }
    },
    {
        "model": "token_blacklist.outstandingtoken",
        "pk": 33,
        "fields": {
            "user": 102,
            "jti": "79bc478ea3b54b82bd195b020ab58196",
            "token": "eyJhbGciOiJIUzI1NiIsInR5cCI6IkpXVCJ9.eyJ0b2tlbl90eXBlIjoicmVmcmVzaCIsImV4cCI6MTczNDIwNjQwNCwiaWF0IjoxNzM0MTIwMDA0LCJqdGkiOiI3OWJjNDc4ZWEzYjU0YjgyYmQxOTViMDIwYWI1ODE5NiIsInVzZXJfaWQiOjEwMn0.Oe-nmyD9a1wi-gtn5b8UkSlBIj81cOyzRKJJf0vJrGw",
            "created_at": "2024-12-13T20:00:04.785Z",
            "expires_at": "2024-12-14T20:00:04Z"
        }
    },
    {
        "model": "token_blacklist.outstandingtoken",
        "pk": 34,
        "fields": {
            "user": 94,
            "jti": "1446c6d5ee5c4c81a366d42f55ea8d2d",
            "token": "eyJhbGciOiJIUzI1NiIsInR5cCI6IkpXVCJ9.eyJ0b2tlbl90eXBlIjoicmVmcmVzaCIsImV4cCI6MTczNDIwNjU0MCwiaWF0IjoxNzM0MTIwMTQwLCJqdGkiOiIxNDQ2YzZkNWVlNWM0YzgxYTM2NmQ0MmY1NWVhOGQyZCIsInVzZXJfaWQiOjk0fQ.LcHX2bRAWF6qoIPEHI_crw4Vx1lZWEjxAAHt1Z6fbsM",
            "created_at": "2024-12-13T20:02:20.530Z",
            "expires_at": "2024-12-14T20:02:20Z"
        }
    },
    {
        "model": "token_blacklist.outstandingtoken",
        "pk": 35,
        "fields": {
            "user": 102,
            "jti": "1239fcf7291e4a2ab5bd1495e54f4ac3",
            "token": "eyJhbGciOiJIUzI1NiIsInR5cCI6IkpXVCJ9.eyJ0b2tlbl90eXBlIjoicmVmcmVzaCIsImV4cCI6MTczNDIwNjYxMSwiaWF0IjoxNzM0MTIwMjExLCJqdGkiOiIxMjM5ZmNmNzI5MWU0YTJhYjViZDE0OTVlNTRmNGFjMyIsInVzZXJfaWQiOjEwMn0.eBNc3ya7FDcNXPSRgeHFL5z0gFHHBpJgxofTqFHNKzg",
            "created_at": "2024-12-13T20:03:31.163Z",
            "expires_at": "2024-12-14T20:03:31Z"
        }
    },
    {
        "model": "token_blacklist.outstandingtoken",
        "pk": 36,
        "fields": {
            "user": 94,
            "jti": "d9903fa3388d4750b8dc6db3334044e3",
            "token": "eyJhbGciOiJIUzI1NiIsInR5cCI6IkpXVCJ9.eyJ0b2tlbl90eXBlIjoicmVmcmVzaCIsImV4cCI6MTczNDIwNzAxMywiaWF0IjoxNzM0MTIwNjEzLCJqdGkiOiJkOTkwM2ZhMzM4OGQ0NzUwYjhkYzZkYjMzMzQwNDRlMyIsInVzZXJfaWQiOjk0fQ.21m9mvb-ilcUKRYb7BkeFAhYYc4toJUlfnXGqlUrFqc",
            "created_at": "2024-12-13T20:10:13.989Z",
            "expires_at": "2024-12-14T20:10:13Z"
        }
    },
    {
        "model": "token_blacklist.outstandingtoken",
        "pk": 37,
        "fields": {
            "user": 94,
            "jti": "33b1c4ed22da46b79a8c0db8c079af48",
            "token": "eyJhbGciOiJIUzI1NiIsInR5cCI6IkpXVCJ9.eyJ0b2tlbl90eXBlIjoicmVmcmVzaCIsImV4cCI6MTczNDIwNzA1MiwiaWF0IjoxNzM0MTIwNjUyLCJqdGkiOiIzM2IxYzRlZDIyZGE0NmI3OWE4YzBkYjhjMDc5YWY0OCIsInVzZXJfaWQiOjk0fQ.1v5LcrQMMPQmsVvSi_Nf2cp7OHjBbTwuff4ox1XRVBc",
            "created_at": "2024-12-13T20:10:52.899Z",
            "expires_at": "2024-12-14T20:10:52Z"
        }
    },
    {
        "model": "token_blacklist.outstandingtoken",
        "pk": 38,
        "fields": {
            "user": 100,
            "jti": "13c7ea1a58b84bd28cbee0bcbcd9adb3",
            "token": "eyJhbGciOiJIUzI1NiIsInR5cCI6IkpXVCJ9.eyJ0b2tlbl90eXBlIjoicmVmcmVzaCIsImV4cCI6MTczNDIwNzE0OCwiaWF0IjoxNzM0MTIwNzQ4LCJqdGkiOiIxM2M3ZWExYTU4Yjg0YmQyOGNiZWUwYmNiY2Q5YWRiMyIsInVzZXJfaWQiOjEwMH0.SfumsVrgscLqZ6T3T7prPof8_fwu8RSiVyDnDlQN2AE",
            "created_at": "2024-12-13T20:12:28.978Z",
            "expires_at": "2024-12-14T20:12:28Z"
        }
    },
    {
        "model": "token_blacklist.outstandingtoken",
        "pk": 39,
        "fields": {
            "user": 100,
            "jti": "3868653d172843779f8a4c5312b888fe",
            "token": "eyJhbGciOiJIUzI1NiIsInR5cCI6IkpXVCJ9.eyJ0b2tlbl90eXBlIjoicmVmcmVzaCIsImV4cCI6MTczNDIwNzE0OCwiaWF0IjoxNzM0MTIwNzQ4LCJqdGkiOiIzODY4NjUzZDE3Mjg0Mzc3OWY4YTRjNTMxMmI4ODhmZSIsInVzZXJfaWQiOjEwMH0.cGggK-6kO6dVgdFiEIorpaVbgUTSCF4JpmzX2rMCS4w",
            "created_at": "2024-12-13T20:12:28.994Z",
            "expires_at": "2024-12-14T20:12:28Z"
        }
    },
    {
        "model": "token_blacklist.outstandingtoken",
        "pk": 40,
        "fields": {
            "user": 94,
            "jti": "950904957d744943919c91d0e419b6ec",
            "token": "eyJhbGciOiJIUzI1NiIsInR5cCI6IkpXVCJ9.eyJ0b2tlbl90eXBlIjoicmVmcmVzaCIsImV4cCI6MTczNDI4NDQwMiwiaWF0IjoxNzM0MTk4MDAyLCJqdGkiOiI5NTA5MDQ5NTdkNzQ0OTQzOTE5YzkxZDBlNDE5YjZlYyIsInVzZXJfaWQiOjk0fQ.vpNvScE3CTYk_N6SRAGy9NmhCueZvPl8ln-7LeWc75Y",
            "created_at": "2024-12-14T17:40:02.032Z",
            "expires_at": "2024-12-15T17:40:02Z"
        }
    },
    {
        "model": "token_blacklist.outstandingtoken",
        "pk": 41,
        "fields": {
            "user": 94,
            "jti": "ff2d0d1f5d6e4e71a19a79c829ba5cff",
            "token": "eyJhbGciOiJIUzI1NiIsInR5cCI6IkpXVCJ9.eyJ0b2tlbl90eXBlIjoicmVmcmVzaCIsImV4cCI6MTczNDI4Njk1MiwiaWF0IjoxNzM0MjAwNTUyLCJqdGkiOiJmZjJkMGQxZjVkNmU0ZTcxYTE5YTc5YzgyOWJhNWNmZiIsInVzZXJfaWQiOjk0fQ.luHKpd3AwbXvtuSKALby6h7BBB2-f3jFXSPu51COGcg",
            "created_at": "2024-12-14T18:22:32.974Z",
            "expires_at": "2024-12-15T18:22:32Z"
        }
    },
    {
        "model": "token_blacklist.outstandingtoken",
        "pk": 42,
        "fields": {
            "user": 94,
            "jti": "d4fbefb2fe8c409388c2ce0a8a802d93",
            "token": "eyJhbGciOiJIUzI1NiIsInR5cCI6IkpXVCJ9.eyJ0b2tlbl90eXBlIjoicmVmcmVzaCIsImV4cCI6MTczNDI4ODI2MywiaWF0IjoxNzM0MjAxODYzLCJqdGkiOiJkNGZiZWZiMmZlOGM0MDkzODhjMmNlMGE4YTgwMmQ5MyIsInVzZXJfaWQiOjk0fQ.-HfpBqpiiRJOPShO0di9sySrNWyD0srtkiTbwGuxTdE",
            "created_at": "2024-12-14T18:44:23.770Z",
            "expires_at": "2024-12-15T18:44:23Z"
        }
    },
    {
        "model": "token_blacklist.outstandingtoken",
        "pk": 43,
        "fields": {
            "user": 100,
            "jti": "592ea1f9f47c4afc90a51e3a1c4d9462",
            "token": "eyJhbGciOiJIUzI1NiIsInR5cCI6IkpXVCJ9.eyJ0b2tlbl90eXBlIjoicmVmcmVzaCIsImV4cCI6MTczNDI4ODgzNiwiaWF0IjoxNzM0MjAyNDM2LCJqdGkiOiI1OTJlYTFmOWY0N2M0YWZjOTBhNTFlM2ExYzRkOTQ2MiIsInVzZXJfaWQiOjEwMH0.roHmyrAhud9of7bw4oN0mOJYclO3H4M8f9_wS-nP6XI",
            "created_at": "2024-12-14T18:53:56.673Z",
            "expires_at": "2024-12-15T18:53:56Z"
        }
    },
    {
        "model": "token_blacklist.outstandingtoken",
        "pk": 44,
        "fields": {
            "user": 100,
            "jti": "7280be916eb44dea98bc3ddf8517b1be",
            "token": "eyJhbGciOiJIUzI1NiIsInR5cCI6IkpXVCJ9.eyJ0b2tlbl90eXBlIjoicmVmcmVzaCIsImV4cCI6MTczNDI4ODg0NSwiaWF0IjoxNzM0MjAyNDQ1LCJqdGkiOiI3MjgwYmU5MTZlYjQ0ZGVhOThiYzNkZGY4NTE3YjFiZSIsInVzZXJfaWQiOjEwMH0.065qJY9ghL6EnDB5tntL-Gs7wshdwgmYNo6CL5FcDt8",
            "created_at": "2024-12-14T18:54:05.302Z",
            "expires_at": "2024-12-15T18:54:05Z"
        }
    },
    {
        "model": "token_blacklist.outstandingtoken",
        "pk": 45,
        "fields": {
            "user": 94,
            "jti": "7e6051137ff84af58ed9fea30ab070d0",
            "token": "eyJhbGciOiJIUzI1NiIsInR5cCI6IkpXVCJ9.eyJ0b2tlbl90eXBlIjoicmVmcmVzaCIsImV4cCI6MTczNDI4ODg2MiwiaWF0IjoxNzM0MjAyNDYyLCJqdGkiOiI3ZTYwNTExMzdmZjg0YWY1OGVkOWZlYTMwYWIwNzBkMCIsInVzZXJfaWQiOjk0fQ.SekR5wNkj5jbIrybnhtevgaSP1b7anPSa5vyLWs3jSs",
            "created_at": "2024-12-14T18:54:22.063Z",
            "expires_at": "2024-12-15T18:54:22Z"
        }
    },
    {
        "model": "token_blacklist.outstandingtoken",
        "pk": 46,
        "fields": {
            "user": 94,
            "jti": "efe6b424a7dd4a3c9425a1a9bdf6f4d6",
            "token": "eyJhbGciOiJIUzI1NiIsInR5cCI6IkpXVCJ9.eyJ0b2tlbl90eXBlIjoicmVmcmVzaCIsImV4cCI6MTczNDI4OTAxMCwiaWF0IjoxNzM0MjAyNjEwLCJqdGkiOiJlZmU2YjQyNGE3ZGQ0YTNjOTQyNWExYTliZGY2ZjRkNiIsInVzZXJfaWQiOjk0fQ.539dvyUYWorwDrHM91zJV6ninP8zXp07UR6LMDEGBT0",
            "created_at": "2024-12-14T18:56:50.342Z",
            "expires_at": "2024-12-15T18:56:50Z"
        }
    },
    {
        "model": "token_blacklist.outstandingtoken",
        "pk": 47,
        "fields": {
            "user": 100,
            "jti": "8b1037ca28924fdf859ec21372330de6",
            "token": "eyJhbGciOiJIUzI1NiIsInR5cCI6IkpXVCJ9.eyJ0b2tlbl90eXBlIjoicmVmcmVzaCIsImV4cCI6MTczNDM0MjQ4MiwiaWF0IjoxNzM0MjU2MDgyLCJqdGkiOiI4YjEwMzdjYTI4OTI0ZmRmODU5ZWMyMTM3MjMzMGRlNiIsInVzZXJfaWQiOjEwMH0.R3Zu0Lgapyo4uFeD1YeSENVa8T-fFCVqdmOntUpxHjk",
            "created_at": "2024-12-15T09:48:02.357Z",
            "expires_at": "2024-12-16T09:48:02Z"
        }
    },
    {
        "model": "token_blacklist.outstandingtoken",
        "pk": 48,
        "fields": {
            "user": 94,
            "jti": "b0872811e2424294a2fc1affb353fb73",
            "token": "eyJhbGciOiJIUzI1NiIsInR5cCI6IkpXVCJ9.eyJ0b2tlbl90eXBlIjoicmVmcmVzaCIsImV4cCI6MTczNDM0MjQ5NCwiaWF0IjoxNzM0MjU2MDk0LCJqdGkiOiJiMDg3MjgxMWUyNDI0Mjk0YTJmYzFhZmZiMzUzZmI3MyIsInVzZXJfaWQiOjk0fQ.yG0DcYM42JIqFwZAAa4KxYOWLW_c_f38uY1SLZwbsJA",
            "created_at": "2024-12-15T09:48:14.637Z",
            "expires_at": "2024-12-16T09:48:14Z"
        }
    },
    {
        "model": "token_blacklist.outstandingtoken",
        "pk": 49,
        "fields": {
            "user": 94,
            "jti": "c0008e4ae0bb42b1ac037e9d859469e9",
            "token": "eyJhbGciOiJIUzI1NiIsInR5cCI6IkpXVCJ9.eyJ0b2tlbl90eXBlIjoicmVmcmVzaCIsImV4cCI6MTczNDQ2MjMxOCwiaWF0IjoxNzM0Mzc1OTE4LCJqdGkiOiJjMDAwOGU0YWUwYmI0MmIxYWMwMzdlOWQ4NTk0NjllOSIsInVzZXJfaWQiOjk0fQ.jRga6Te6xqPPz9IngJiiPXLociLy-SE5x2tOYciz1AU",
            "created_at": "2024-12-16T19:05:18.610Z",
            "expires_at": "2024-12-17T19:05:18Z"
        }
    },
    {
        "model": "token_blacklist.outstandingtoken",
        "pk": 50,
        "fields": {
            "user": 94,
            "jti": "6a15bb05e3834131972d751d7a4eedba",
            "token": "eyJhbGciOiJIUzI1NiIsInR5cCI6IkpXVCJ9.eyJ0b2tlbl90eXBlIjoicmVmcmVzaCIsImV4cCI6MTczNDUxNjQzMSwiaWF0IjoxNzM0NDMwMDMxLCJqdGkiOiI2YTE1YmIwNWUzODM0MTMxOTcyZDc1MWQ3YTRlZWRiYSIsInVzZXJfaWQiOjk0fQ.OylA1HX6cGVFINRffqNVstXh1GX8Mcb4ScZjwFhK2TE",
            "created_at": "2024-12-17T10:07:11.614Z",
            "expires_at": "2024-12-18T10:07:11Z"
        }
    },
    {
        "model": "token_blacklist.outstandingtoken",
        "pk": 51,
        "fields": {
            "user": 94,
            "jti": "dcc178e9c757438b8f6ee6b1659540cb",
            "token": "eyJhbGciOiJIUzI1NiIsInR5cCI6IkpXVCJ9.eyJ0b2tlbl90eXBlIjoicmVmcmVzaCIsImV4cCI6MTczNDU1MjIyMSwiaWF0IjoxNzM0NDY1ODIxLCJqdGkiOiJkY2MxNzhlOWM3NTc0MzhiOGY2ZWU2YjE2NTk1NDBjYiIsInVzZXJfaWQiOjk0fQ.KqPLVuFj168OyljpfUvHBrCMFH5LDxyBbDnUAlFx7MA",
            "created_at": "2024-12-17T20:03:41.259Z",
            "expires_at": "2024-12-18T20:03:41Z"
        }
    },
    {
        "model": "token_blacklist.outstandingtoken",
        "pk": 52,
        "fields": {
            "user": 94,
            "jti": "19a660cd55864abea425e3c14ffc1539",
            "token": "eyJhbGciOiJIUzI1NiIsInR5cCI6IkpXVCJ9.eyJ0b2tlbl90eXBlIjoicmVmcmVzaCIsImV4cCI6MTczNDU1NjUzOCwiaWF0IjoxNzM0NDcwMTM4LCJqdGkiOiIxOWE2NjBjZDU1ODY0YWJlYTQyNWUzYzE0ZmZjMTUzOSIsInVzZXJfaWQiOjk0fQ.ZboUs6zgUC-mPvdBpJPym0r2DLThT2ZzxcZgmK6vLZw",
            "created_at": "2024-12-17T21:15:38.970Z",
            "expires_at": "2024-12-18T21:15:38Z"
        }
    },
    {
        "model": "token_blacklist.outstandingtoken",
        "pk": 53,
        "fields": {
            "user": 94,
            "jti": "40d75186c511421eba329986be6a7503",
            "token": "eyJhbGciOiJIUzI1NiIsInR5cCI6IkpXVCJ9.eyJ0b2tlbl90eXBlIjoicmVmcmVzaCIsImV4cCI6MTczNDcwMTM2MCwiaWF0IjoxNzM0NjE0OTYwLCJqdGkiOiI0MGQ3NTE4NmM1MTE0MjFlYmEzMjk5ODZiZTZhNzUwMyIsInVzZXJfaWQiOjk0fQ.el5dqQxYAoCenzKeMGOxi4SUDPvQmWeVJ9hhzisx3c0",
            "created_at": "2024-12-19T13:29:20.940Z",
            "expires_at": "2024-12-20T13:29:20Z"
        }
    },
    {
        "model": "token_blacklist.outstandingtoken",
        "pk": 54,
        "fields": {
            "user": 94,
            "jti": "9fc85030c9e94a77afbd6ad2f3f49246",
            "token": "eyJhbGciOiJIUzI1NiIsInR5cCI6IkpXVCJ9.eyJ0b2tlbl90eXBlIjoicmVmcmVzaCIsImV4cCI6MTczNDcwMTkxNywiaWF0IjoxNzM0NjE1NTE3LCJqdGkiOiI5ZmM4NTAzMGM5ZTk0YTc3YWZiZDZhZDJmM2Y0OTI0NiIsInVzZXJfaWQiOjk0fQ.3fPlgMaelmv8aVaoAVdulKHD7Dm5JcgJoe5AydBfZZg",
            "created_at": "2024-12-19T13:38:37.995Z",
            "expires_at": "2024-12-20T13:38:37Z"
        }
    },
    {
        "model": "token_blacklist.outstandingtoken",
        "pk": 55,
        "fields": {
            "user": 94,
            "jti": "e2aa21a33613458da305c33b3e06a81c",
            "token": "eyJhbGciOiJIUzI1NiIsInR5cCI6IkpXVCJ9.eyJ0b2tlbl90eXBlIjoicmVmcmVzaCIsImV4cCI6MTczNDcwNjgxMiwiaWF0IjoxNzM0NjIwNDEyLCJqdGkiOiJlMmFhMjFhMzM2MTM0NThkYTMwNWMzM2IzZTA2YTgxYyIsInVzZXJfaWQiOjk0fQ.W-MJ7LoWJ8SptYbeLtLG0tJvaf4VzcNoYSEl_n65Z1U",
            "created_at": "2024-12-19T15:00:12.981Z",
            "expires_at": "2024-12-20T15:00:12Z"
        }
    },
    {
        "model": "token_blacklist.outstandingtoken",
        "pk": 56,
        "fields": {
            "user": 94,
            "jti": "c99108b1d777405485441c27f207d01a",
            "token": "eyJhbGciOiJIUzI1NiIsInR5cCI6IkpXVCJ9.eyJ0b2tlbl90eXBlIjoicmVmcmVzaCIsImV4cCI6MTczNDcwNjkxNSwiaWF0IjoxNzM0NjIwNTE1LCJqdGkiOiJjOTkxMDhiMWQ3Nzc0MDU0ODU0NDFjMjdmMjA3ZDAxYSIsInVzZXJfaWQiOjk0fQ.mmYVzcIGwmfkW5lTdZpLn821nPHKqEsIRwDZLr3n4es",
            "created_at": "2024-12-19T15:01:55.305Z",
            "expires_at": "2024-12-20T15:01:55Z"
        }
    },
    {
        "model": "token_blacklist.outstandingtoken",
        "pk": 57,
        "fields": {
            "user": 94,
            "jti": "7e211aba7ab54e239170e19d6e5c0f9a",
            "token": "eyJhbGciOiJIUzI1NiIsInR5cCI6IkpXVCJ9.eyJ0b2tlbl90eXBlIjoicmVmcmVzaCIsImV4cCI6MTczNDcxNjI4NiwiaWF0IjoxNzM0NjI5ODg2LCJqdGkiOiI3ZTIxMWFiYTdhYjU0ZTIzOTE3MGUxOWQ2ZTVjMGY5YSIsInVzZXJfaWQiOjk0fQ.P4Tzl9i2xfUxGkDQQxePcFcVzEpZaFXFuur7DxRnVso",
            "created_at": "2024-12-19T17:38:06.535Z",
            "expires_at": "2024-12-20T17:38:06Z"
        }
    },
    {
        "model": "token_blacklist.outstandingtoken",
        "pk": 58,
        "fields": {
            "user": 94,
            "jti": "21e36ff171b1457e95a8dd54252f73d0",
            "token": "eyJhbGciOiJIUzI1NiIsInR5cCI6IkpXVCJ9.eyJ0b2tlbl90eXBlIjoicmVmcmVzaCIsImV4cCI6MTczNDcyMzI0NiwiaWF0IjoxNzM0NjM2ODQ2LCJqdGkiOiIyMWUzNmZmMTcxYjE0NTdlOTVhOGRkNTQyNTJmNzNkMCIsInVzZXJfaWQiOjk0fQ.gAMqr9crkm-RfbE1dxrvhpGx19tbHrEO0FDif7alBG4",
            "created_at": "2024-12-19T19:34:06.717Z",
            "expires_at": "2024-12-20T19:34:06Z"
        }
    },
    {
        "model": "token_blacklist.outstandingtoken",
        "pk": 59,
        "fields": {
            "user": 94,
            "jti": "53630acd60a94e65b992ccb7d4a5cec2",
            "token": "eyJhbGciOiJIUzI1NiIsInR5cCI6IkpXVCJ9.eyJ0b2tlbl90eXBlIjoicmVmcmVzaCIsImV4cCI6MTczNDgxNjI1MiwiaWF0IjoxNzM0NzI5ODUyLCJqdGkiOiI1MzYzMGFjZDYwYTk0ZTY1Yjk5MmNjYjdkNGE1Y2VjMiIsInVzZXJfaWQiOjk0fQ.WN4VGaGT2RPKzPC6eulOQDd6L2lJ1EnVvhU2nurGvQY",
            "created_at": "2024-12-20T21:24:12.924Z",
            "expires_at": "2024-12-21T21:24:12Z"
        }
    },
    {
        "model": "token_blacklist.outstandingtoken",
        "pk": 60,
        "fields": {
            "user": 94,
            "jti": "28441cdb2eb44e05b1f23364ec3b5bb8",
            "token": "eyJhbGciOiJIUzI1NiIsInR5cCI6IkpXVCJ9.eyJ0b2tlbl90eXBlIjoicmVmcmVzaCIsImV4cCI6MTczNDgxNjI4MiwiaWF0IjoxNzM0NzI5ODgyLCJqdGkiOiIyODQ0MWNkYjJlYjQ0ZTA1YjFmMjMzNjRlYzNiNWJiOCIsInVzZXJfaWQiOjk0fQ.PY16NPWxNTRYvPEUrVSZ4vnucoqF1AZtg4q0PccOWuc",
            "created_at": "2024-12-20T21:24:42.338Z",
            "expires_at": "2024-12-21T21:24:42Z"
        }
    },
    {
        "model": "token_blacklist.outstandingtoken",
        "pk": 61,
        "fields": {
            "user": 100,
            "jti": "e7e3655f8c2c4d00a620b1c0287edbd3",
            "token": "eyJhbGciOiJIUzI1NiIsInR5cCI6IkpXVCJ9.eyJ0b2tlbl90eXBlIjoicmVmcmVzaCIsImV4cCI6MTczNDg1OTk5NSwiaWF0IjoxNzM0NzczNTk1LCJqdGkiOiJlN2UzNjU1ZjhjMmM0ZDAwYTYyMGIxYzAyODdlZGJkMyIsInVzZXJfaWQiOjEwMH0._SOOBShk56XTCs0j0kZNeaibaOg7N_-aYBBuF0fUIOg",
            "created_at": "2024-12-21T09:33:15.970Z",
            "expires_at": "2024-12-22T09:33:15Z"
        }
    },
    {
        "model": "token_blacklist.outstandingtoken",
        "pk": 62,
        "fields": {
            "user": 94,
            "jti": "f766713fdc044fd183a851794ae4f02d",
            "token": "eyJhbGciOiJIUzI1NiIsInR5cCI6IkpXVCJ9.eyJ0b2tlbl90eXBlIjoicmVmcmVzaCIsImV4cCI6MTczNDg2MDA0NCwiaWF0IjoxNzM0NzczNjQ0LCJqdGkiOiJmNzY2NzEzZmRjMDQ0ZmQxODNhODUxNzk0YWU0ZjAyZCIsInVzZXJfaWQiOjk0fQ.FBoeFqlm9IAUhHV_ezafyw6rdYmWdAKWeDGqVOLPR90",
            "created_at": "2024-12-21T09:34:04.181Z",
            "expires_at": "2024-12-22T09:34:04Z"
        }
    },
    {
        "model": "token_blacklist.outstandingtoken",
        "pk": 63,
        "fields": {
            "user": 100,
            "jti": "46c2a619e07e46388a4389209cc2a08f",
            "token": "eyJhbGciOiJIUzI1NiIsInR5cCI6IkpXVCJ9.eyJ0b2tlbl90eXBlIjoicmVmcmVzaCIsImV4cCI6MTczNDg2MTAzMiwiaWF0IjoxNzM0Nzc0NjMyLCJqdGkiOiI0NmMyYTYxOWUwN2U0NjM4OGE0Mzg5MjA5Y2MyYTA4ZiIsInVzZXJfaWQiOjEwMH0._FmyIETXx1K5HMt_i_0BDX_xuNqkeixD6L585UV6Yv8",
            "created_at": "2024-12-21T09:50:32.877Z",
            "expires_at": "2024-12-22T09:50:32Z"
        }
    },
    {
        "model": "token_blacklist.outstandingtoken",
        "pk": 64,
        "fields": {
            "user": 94,
            "jti": "39c45ea0ef654a1e90327003037f2201",
            "token": "eyJhbGciOiJIUzI1NiIsInR5cCI6IkpXVCJ9.eyJ0b2tlbl90eXBlIjoicmVmcmVzaCIsImV4cCI6MTczNTA2MTYyNywiaWF0IjoxNzM0OTc1MjI3LCJqdGkiOiIzOWM0NWVhMGVmNjU0YTFlOTAzMjcwMDMwMzdmMjIwMSIsInVzZXJfaWQiOjk0fQ.qkBXxnU6TpM2Tq4uTvMYmdU3-h09NQt5mjmNg6eDaDc",
            "created_at": "2024-12-23T17:33:47.358Z",
            "expires_at": "2024-12-24T17:33:47Z"
        }
    },
    {
        "model": "token_blacklist.outstandingtoken",
        "pk": 65,
        "fields": {
            "user": 94,
            "jti": "17fbb28109334eecb3dbeefc2cfdc1e3",
            "token": "eyJhbGciOiJIUzI1NiIsInR5cCI6IkpXVCJ9.eyJ0b2tlbl90eXBlIjoicmVmcmVzaCIsImV4cCI6MTczNTA2MTgzMiwiaWF0IjoxNzM0OTc1NDMyLCJqdGkiOiIxN2ZiYjI4MTA5MzM0ZWVjYjNkYmVlZmMyY2ZkYzFlMyIsInVzZXJfaWQiOjk0fQ.msiWTdFNWtQfZMFbe_xI9ZfsOztgzOg2mo7PyEq9sY4",
            "created_at": "2024-12-23T17:37:12.438Z",
            "expires_at": "2024-12-24T17:37:12Z"
        }
    },
    {
        "model": "token_blacklist.outstandingtoken",
        "pk": 66,
        "fields": {
            "user": 100,
            "jti": "550c0b4a12b74a409dabc6d8cd2c4e70",
            "token": "eyJhbGciOiJIUzI1NiIsInR5cCI6IkpXVCJ9.eyJ0b2tlbl90eXBlIjoicmVmcmVzaCIsImV4cCI6MTczNTA2MTg1MywiaWF0IjoxNzM0OTc1NDUzLCJqdGkiOiI1NTBjMGI0YTEyYjc0YTQwOWRhYmM2ZDhjZDJjNGU3MCIsInVzZXJfaWQiOjEwMH0.jjr-1fklMtg2PfOpRIOT1kHEcp4DfWdjXkThXSNMtsg",
            "created_at": "2024-12-23T17:37:33.200Z",
            "expires_at": "2024-12-24T17:37:33Z"
        }
    },
    {
        "model": "token_blacklist.outstandingtoken",
        "pk": 67,
        "fields": {
            "user": 94,
            "jti": "689e38b84cd04904811f7368b9324a1c",
            "token": "eyJhbGciOiJIUzI1NiIsInR5cCI6IkpXVCJ9.eyJ0b2tlbl90eXBlIjoicmVmcmVzaCIsImV4cCI6MTczNTI0NjU5OCwiaWF0IjoxNzM1MTYwMTk4LCJqdGkiOiI2ODllMzhiODRjZDA0OTA0ODExZjczNjhiOTMyNGExYyIsInVzZXJfaWQiOjk0fQ.RGv3DY-2cqCffUg5YA_bCHEkKwJreRXoRW8_xkGPTRo",
            "created_at": "2024-12-25T20:56:38.308Z",
            "expires_at": "2024-12-26T20:56:38Z"
        }
    },
    {
        "model": "token_blacklist.outstandingtoken",
        "pk": 68,
        "fields": {
            "user": 94,
            "jti": "c05583c836ba436b92fcd6375f576dd9",
            "token": "eyJhbGciOiJIUzI1NiIsInR5cCI6IkpXVCJ9.eyJ0b2tlbl90eXBlIjoicmVmcmVzaCIsImV4cCI6MTczNTI0Njc5MSwiaWF0IjoxNzM1MTYwMzkxLCJqdGkiOiJjMDU1ODNjODM2YmE0MzZiOTJmY2Q2Mzc1ZjU3NmRkOSIsInVzZXJfaWQiOjk0fQ.cA_OcWKzk2ssikDH6Si9AalaZq5-5wptkDx6Hl74H88",
            "created_at": "2024-12-25T20:59:51.412Z",
            "expires_at": "2024-12-26T20:59:51Z"
        }
    },
    {
        "model": "token_blacklist.outstandingtoken",
        "pk": 69,
        "fields": {
            "user": 100,
            "jti": "6a1aba6323c54bbf83b5734bd1a88e80",
            "token": "eyJhbGciOiJIUzI1NiIsInR5cCI6IkpXVCJ9.eyJ0b2tlbl90eXBlIjoicmVmcmVzaCIsImV4cCI6MTczNTI0Njg1NiwiaWF0IjoxNzM1MTYwNDU2LCJqdGkiOiI2YTFhYmE2MzIzYzU0YmJmODNiNTczNGJkMWE4OGU4MCIsInVzZXJfaWQiOjEwMH0.yLhdO_5Xuijf2p5o3SkbV8y26rzmJZgMaPLlamQGGIg",
            "created_at": "2024-12-25T21:00:56.364Z",
            "expires_at": "2024-12-26T21:00:56Z"
        }
    },
    {
        "model": "token_blacklist.outstandingtoken",
        "pk": 70,
        "fields": {
            "user": 94,
            "jti": "b84b55dd24d9436a93aead6435f9bf1d",
            "token": "eyJhbGciOiJIUzI1NiIsInR5cCI6IkpXVCJ9.eyJ0b2tlbl90eXBlIjoicmVmcmVzaCIsImV4cCI6MTczNjA3MDc0MywiaWF0IjoxNzM1OTg0MzQzLCJqdGkiOiJiODRiNTVkZDI0ZDk0MzZhOTNhZWFkNjQzNWY5YmYxZCIsInVzZXJfaWQiOjk0fQ.0UtzGIy87X_L9dCoT54pzMeXOVKVn5UVvVG4N4C5zXY",
            "created_at": "2025-01-04T09:52:23.902Z",
            "expires_at": "2025-01-05T09:52:23Z"
        }
    },
    {
        "model": "token_blacklist.outstandingtoken",
        "pk": 71,
        "fields": {
            "user": 100,
            "jti": "6bdb8a0b2bfe484087dba096779e8b42",
            "token": "eyJhbGciOiJIUzI1NiIsInR5cCI6IkpXVCJ9.eyJ0b2tlbl90eXBlIjoicmVmcmVzaCIsImV4cCI6MTczNjA3MTA4NCwiaWF0IjoxNzM1OTg0Njg0LCJqdGkiOiI2YmRiOGEwYjJiZmU0ODQwODdkYmEwOTY3NzllOGI0MiIsInVzZXJfaWQiOjEwMH0.NDPtz23njbSVQeC7AzsecBeY1DhPFYJ-jumuS8qsavw",
            "created_at": "2025-01-04T09:58:04.239Z",
            "expires_at": "2025-01-05T09:58:04Z"
        }
    },
    {
        "model": "token_blacklist.outstandingtoken",
        "pk": 72,
        "fields": {
            "user": null,
            "jti": "0d40807172ef41529ae416f91ab950f0",
            "token": "eyJhbGciOiJIUzI1NiIsInR5cCI6IkpXVCJ9.eyJ0b2tlbl90eXBlIjoicmVmcmVzaCIsImV4cCI6MTczNjI0OTA3MCwiaWF0IjoxNzM2MTYyNjcwLCJqdGkiOiIwZDQwODA3MTcyZWY0MTUyOWFlNDE2ZjkxYWI5NTBmMCIsInVzZXJfaWQiOjEwM30.Uauy9fdMYeKNbjeXUz7yW_Y7dYIlaTW2JkCCSYJHkVI",
            "created_at": "2025-01-06T11:24:30.233Z",
            "expires_at": "2025-01-07T11:24:30Z"
        }
    },
    {
        "model": "token_blacklist.outstandingtoken",
        "pk": 73,
        "fields": {
            "user": 94,
            "jti": "b146b6ebee58453a949b2dfe313415e9",
            "token": "eyJhbGciOiJIUzI1NiIsInR5cCI6IkpXVCJ9.eyJ0b2tlbl90eXBlIjoicmVmcmVzaCIsImV4cCI6MTczNjI0OTEzNywiaWF0IjoxNzM2MTYyNzM3LCJqdGkiOiJiMTQ2YjZlYmVlNTg0NTNhOTQ5YjJkZmUzMTM0MTVlOSIsInVzZXJfaWQiOjk0fQ.UaFrhLsI1wyEibOnLdT_SNuv5uUTGVW3bAUX2ikMACw",
            "created_at": "2025-01-06T11:25:37.433Z",
            "expires_at": "2025-01-07T11:25:37Z"
        }
    },
    {
        "model": "token_blacklist.outstandingtoken",
        "pk": 74,
        "fields": {
            "user": 94,
            "jti": "a1d24901d9be487aa0faf527d1ebeb4c",
            "token": "eyJhbGciOiJIUzI1NiIsInR5cCI6IkpXVCJ9.eyJ0b2tlbl90eXBlIjoicmVmcmVzaCIsImV4cCI6MTczNjI0OTQ3MiwiaWF0IjoxNzM2MTYzMDcyLCJqdGkiOiJhMWQyNDkwMWQ5YmU0ODdhYTBmYWY1MjdkMWViZWI0YyIsInVzZXJfaWQiOjk0fQ.BE6cLp0-NQSnh0wLDDKvysStxzJCKsVqqvGjpNFmPXw",
            "created_at": "2025-01-06T11:31:12.450Z",
            "expires_at": "2025-01-07T11:31:12Z"
        }
    },
    {
        "model": "token_blacklist.outstandingtoken",
        "pk": 75,
        "fields": {
            "user": 100,
            "jti": "49de8680e4524c718e5c012cc68ac056",
            "token": "eyJhbGciOiJIUzI1NiIsInR5cCI6IkpXVCJ9.eyJ0b2tlbl90eXBlIjoicmVmcmVzaCIsImV4cCI6MTczNjI0OTQ4NiwiaWF0IjoxNzM2MTYzMDg2LCJqdGkiOiI0OWRlODY4MGU0NTI0YzcxOGU1YzAxMmNjNjhhYzA1NiIsInVzZXJfaWQiOjEwMH0.5JODa_i8TeUHrNLGHHCu_zvgvSsHi5UQRju782B0mkY",
            "created_at": "2025-01-06T11:31:26.251Z",
            "expires_at": "2025-01-07T11:31:26Z"
        }
    },
    {
        "model": "token_blacklist.outstandingtoken",
        "pk": 76,
        "fields": {
            "user": 94,
            "jti": "d9333f3382044d62b6e71e071cfcf9eb",
            "token": "eyJhbGciOiJIUzI1NiIsInR5cCI6IkpXVCJ9.eyJ0b2tlbl90eXBlIjoicmVmcmVzaCIsImV4cCI6MTczNjI0OTk1OCwiaWF0IjoxNzM2MTYzNTU4LCJqdGkiOiJkOTMzM2YzMzgyMDQ0ZDYyYjZlNzFlMDcxY2ZjZjllYiIsInVzZXJfaWQiOjk0fQ.yJiWQ-wnTuNmFSHDlZGVTPy2Kb_LFq1upLu7LMTupPk",
            "created_at": "2025-01-06T11:39:18.762Z",
            "expires_at": "2025-01-07T11:39:18Z"
        }
    },
    {
        "model": "token_blacklist.outstandingtoken",
        "pk": 77,
        "fields": {
            "user": 94,
            "jti": "ebaad967786d4f5a9559b99b8e883829",
            "token": "eyJhbGciOiJIUzI1NiIsInR5cCI6IkpXVCJ9.eyJ0b2tlbl90eXBlIjoicmVmcmVzaCIsImV4cCI6MTczNjI1MDAyMiwiaWF0IjoxNzM2MTYzNjIyLCJqdGkiOiJlYmFhZDk2Nzc4NmQ0ZjVhOTU1OWI5OWI4ZTg4MzgyOSIsInVzZXJfaWQiOjk0fQ.JcryS0X8CIlKuwnexGxJvgrme3lXFltbdfj45LkImbU",
            "created_at": "2025-01-06T11:40:22.768Z",
            "expires_at": "2025-01-07T11:40:22Z"
        }
    },
    {
        "model": "token_blacklist.outstandingtoken",
        "pk": 78,
        "fields": {
            "user": 100,
            "jti": "a0cb0cf83cdf4cb394026a9e1079f33e",
            "token": "eyJhbGciOiJIUzI1NiIsInR5cCI6IkpXVCJ9.eyJ0b2tlbl90eXBlIjoicmVmcmVzaCIsImV4cCI6MTczNjI1MDAzMSwiaWF0IjoxNzM2MTYzNjMxLCJqdGkiOiJhMGNiMGNmODNjZGY0Y2IzOTQwMjZhOWUxMDc5ZjMzZSIsInVzZXJfaWQiOjEwMH0.KbAxHpcAADWOQ8cbsPBpSAiBrnG0z_gyNnkGqVgBo9A",
            "created_at": "2025-01-06T11:40:31.917Z",
            "expires_at": "2025-01-07T11:40:31Z"
        }
    },
    {
        "model": "token_blacklist.outstandingtoken",
        "pk": 79,
        "fields": {
            "user": 94,
            "jti": "b70d30aee3a74daeb8e1a552fd018f97",
            "token": "eyJhbGciOiJIUzI1NiIsInR5cCI6IkpXVCJ9.eyJ0b2tlbl90eXBlIjoicmVmcmVzaCIsImV4cCI6MTczNjI1MDM3NiwiaWF0IjoxNzM2MTYzOTc2LCJqdGkiOiJiNzBkMzBhZWUzYTc0ZGFlYjhlMWE1NTJmZDAxOGY5NyIsInVzZXJfaWQiOjk0fQ.NskdfNG3qIYCbGFERbODJKGdwlk2ixt9v4Kj7zJCcrc",
            "created_at": "2025-01-06T11:46:16.506Z",
            "expires_at": "2025-01-07T11:46:16Z"
        }
    },
    {
        "model": "token_blacklist.outstandingtoken",
        "pk": 80,
        "fields": {
            "user": 94,
            "jti": "0582ddbc9d0e4c9e91fb36667037652f",
            "token": "eyJhbGciOiJIUzI1NiIsInR5cCI6IkpXVCJ9.eyJ0b2tlbl90eXBlIjoicmVmcmVzaCIsImV4cCI6MTczNjI1MDM5OSwiaWF0IjoxNzM2MTYzOTk5LCJqdGkiOiIwNTgyZGRiYzlkMGU0YzllOTFmYjM2NjY3MDM3NjUyZiIsInVzZXJfaWQiOjk0fQ.HWv3bC4VMFXNM_2Mz9-4Ra76KZDzlQzEqF-qQHiCHpo",
            "created_at": "2025-01-06T11:46:39.623Z",
            "expires_at": "2025-01-07T11:46:39Z"
        }
    },
    {
        "model": "token_blacklist.outstandingtoken",
        "pk": 81,
        "fields": {
            "user": 100,
            "jti": "41401fa30cc04411a3e161d217409c7e",
            "token": "eyJhbGciOiJIUzI1NiIsInR5cCI6IkpXVCJ9.eyJ0b2tlbl90eXBlIjoicmVmcmVzaCIsImV4cCI6MTczNjI1MDQwNSwiaWF0IjoxNzM2MTY0MDA1LCJqdGkiOiI0MTQwMWZhMzBjYzA0NDExYTNlMTYxZDIxNzQwOWM3ZSIsInVzZXJfaWQiOjEwMH0.ul9mZmNiHnLdutscLgp_J2ByaYG5STuukezC3Q6j3cA",
            "created_at": "2025-01-06T11:46:45.775Z",
            "expires_at": "2025-01-07T11:46:45Z"
        }
    },
    {
        "model": "token_blacklist.outstandingtoken",
        "pk": 82,
        "fields": {
            "user": 100,
            "jti": "8d109c0a1f4241418527a15c1f7358cc",
            "token": "eyJhbGciOiJIUzI1NiIsInR5cCI6IkpXVCJ9.eyJ0b2tlbl90eXBlIjoicmVmcmVzaCIsImV4cCI6MTczNjI1MDcxNSwiaWF0IjoxNzM2MTY0MzE1LCJqdGkiOiI4ZDEwOWMwYTFmNDI0MTQxODUyN2ExNWMxZjczNThjYyIsInVzZXJfaWQiOjEwMH0.4d-GGTGaYyXw42kORsxLarOQQHJm1S2wNrFrdqFDf_E",
            "created_at": "2025-01-06T11:51:55.537Z",
            "expires_at": "2025-01-07T11:51:55Z"
        }
    },
    {
        "model": "token_blacklist.outstandingtoken",
        "pk": 83,
        "fields": {
            "user": 94,
            "jti": "c4cf7e90d47142e1b346941de16b63c0",
            "token": "eyJhbGciOiJIUzI1NiIsInR5cCI6IkpXVCJ9.eyJ0b2tlbl90eXBlIjoicmVmcmVzaCIsImV4cCI6MTczNjI1MDczMiwiaWF0IjoxNzM2MTY0MzMyLCJqdGkiOiJjNGNmN2U5MGQ0NzE0MmUxYjM0Njk0MWRlMTZiNjNjMCIsInVzZXJfaWQiOjk0fQ.YXSuHoMwUG0JfKA78FZz8gR4GFXLmjR8Rg5pJ2OyQjQ",
            "created_at": "2025-01-06T11:52:12.956Z",
            "expires_at": "2025-01-07T11:52:12Z"
        }
    },
    {
        "model": "token_blacklist.outstandingtoken",
        "pk": 84,
        "fields": {
            "user": 94,
            "jti": "4914f345afd54f518d8fdd264308a590",
            "token": "eyJhbGciOiJIUzI1NiIsInR5cCI6IkpXVCJ9.eyJ0b2tlbl90eXBlIjoicmVmcmVzaCIsImV4cCI6MTczNjI1MTE4OCwiaWF0IjoxNzM2MTY0Nzg4LCJqdGkiOiI0OTE0ZjM0NWFmZDU0ZjUxOGQ4ZmRkMjY0MzA4YTU5MCIsInVzZXJfaWQiOjk0fQ.Lo-ZDBCSPA6QdTFGcp1KDyTmCijO3v5UOsz1I5JJaKY",
            "created_at": "2025-01-06T11:59:48.980Z",
            "expires_at": "2025-01-07T11:59:48Z"
        }
    },
    {
        "model": "token_blacklist.outstandingtoken",
        "pk": 85,
        "fields": {
            "user": 100,
            "jti": "68ccd21a408242828a560e4b3f47b566",
            "token": "eyJhbGciOiJIUzI1NiIsInR5cCI6IkpXVCJ9.eyJ0b2tlbl90eXBlIjoicmVmcmVzaCIsImV4cCI6MTczNjI1MTIzOSwiaWF0IjoxNzM2MTY0ODM5LCJqdGkiOiI2OGNjZDIxYTQwODI0MjgyOGE1NjBlNGIzZjQ3YjU2NiIsInVzZXJfaWQiOjEwMH0.zNHXFX2hXmpQwS6J2HsmMLDJnrHUzUWIEtzQNXZY_QM",
            "created_at": "2025-01-06T12:00:39.900Z",
            "expires_at": "2025-01-07T12:00:39Z"
        }
    },
    {
        "model": "token_blacklist.outstandingtoken",
        "pk": 86,
        "fields": {
            "user": 94,
            "jti": "bcff58c1cf2c4a28934e4c2af63f6b71",
            "token": "eyJhbGciOiJIUzI1NiIsInR5cCI6IkpXVCJ9.eyJ0b2tlbl90eXBlIjoicmVmcmVzaCIsImV4cCI6MTczNjMyODAwMywiaWF0IjoxNzM2MjQxNjAzLCJqdGkiOiJiY2ZmNThjMWNmMmM0YTI4OTM0ZTRjMmFmNjNmNmI3MSIsInVzZXJfaWQiOjk0fQ.EOy44T6FwdOqzLnUwjflktRIBd3IXhH7uBY1O2e0Jx0",
            "created_at": "2025-01-07T09:20:03.888Z",
            "expires_at": "2025-01-08T09:20:03Z"
        }
    },
    {
        "model": "token_blacklist.outstandingtoken",
        "pk": 87,
        "fields": {
            "user": 100,
            "jti": "aaed38c419c14225a7de36906a8d7485",
            "token": "eyJhbGciOiJIUzI1NiIsInR5cCI6IkpXVCJ9.eyJ0b2tlbl90eXBlIjoicmVmcmVzaCIsImV4cCI6MTczNjMyODAzMSwiaWF0IjoxNzM2MjQxNjMxLCJqdGkiOiJhYWVkMzhjNDE5YzE0MjI1YTdkZTM2OTA2YThkNzQ4NSIsInVzZXJfaWQiOjEwMH0.1bOcEdm78bHJzGJcYlFI6whlVJ4ZzptziIMW4r5LbHI",
            "created_at": "2025-01-07T09:20:31.517Z",
            "expires_at": "2025-01-08T09:20:31Z"
        }
    },
    {
        "model": "token_blacklist.outstandingtoken",
        "pk": 88,
        "fields": {
            "user": 100,
            "jti": "aecc68ea59694da0bda4a44d65216e88",
            "token": "eyJhbGciOiJIUzI1NiIsInR5cCI6IkpXVCJ9.eyJ0b2tlbl90eXBlIjoicmVmcmVzaCIsImV4cCI6MTczNjM0NDY0OSwiaWF0IjoxNzM2MjU4MjQ5LCJqdGkiOiJhZWNjNjhlYTU5Njk0ZGEwYmRhNGE0NGQ2NTIxNmU4OCIsInVzZXJfaWQiOjEwMH0.F6Hxni7SKHmjB-a5cWv4ExuCKNujWs1hjLwNNcTPcxM",
            "created_at": "2025-01-07T13:57:29.614Z",
            "expires_at": "2025-01-08T13:57:29Z"
        }
    },
    {
        "model": "token_blacklist.outstandingtoken",
        "pk": 89,
        "fields": {
            "user": 94,
            "jti": "7fb2f12174ff4d09b0ac3bbf1ae12b01",
            "token": "eyJhbGciOiJIUzI1NiIsInR5cCI6IkpXVCJ9.eyJ0b2tlbl90eXBlIjoicmVmcmVzaCIsImV4cCI6MTczNjM0NDY2MywiaWF0IjoxNzM2MjU4MjYzLCJqdGkiOiI3ZmIyZjEyMTc0ZmY0ZDA5YjBhYzNiYmYxYWUxMmIwMSIsInVzZXJfaWQiOjk0fQ.YWWY6_uZekss6pM7YiZr_GQ8qGzFLJHZ9SQhyJS0FJ0",
            "created_at": "2025-01-07T13:57:43.007Z",
            "expires_at": "2025-01-08T13:57:43Z"
        }
    },
    {
        "model": "token_blacklist.outstandingtoken",
        "pk": 90,
        "fields": {
            "user": 94,
            "jti": "3cd5e900a8f14a7c9978e1f2372112d7",
            "token": "eyJhbGciOiJIUzI1NiIsInR5cCI6IkpXVCJ9.eyJ0b2tlbl90eXBlIjoicmVmcmVzaCIsImV4cCI6MTczNjM1ODIzOCwiaWF0IjoxNzM2MjcxODM4LCJqdGkiOiIzY2Q1ZTkwMGE4ZjE0YTdjOTk3OGUxZjIzNzIxMTJkNyIsInVzZXJfaWQiOjk0fQ.9SAYa3FvII2DZ2Ui8H5NTzIc8QvHIQ6OeGCM0Kaal9E",
            "created_at": "2025-01-07T17:43:58.434Z",
            "expires_at": "2025-01-08T17:43:58Z"
        }
    },
    {
        "model": "token_blacklist.outstandingtoken",
        "pk": 91,
        "fields": {
            "user": 100,
            "jti": "2e4db7b7755e430dae4482947a151c72",
            "token": "eyJhbGciOiJIUzI1NiIsInR5cCI6IkpXVCJ9.eyJ0b2tlbl90eXBlIjoicmVmcmVzaCIsImV4cCI6MTczNjM1ODI0NywiaWF0IjoxNzM2MjcxODQ3LCJqdGkiOiIyZTRkYjdiNzc1NWU0MzBkYWU0NDgyOTQ3YTE1MWM3MiIsInVzZXJfaWQiOjEwMH0.aJeWemNtMBN5e_zu_hMX2fdFBarg8iX86chnIOzb0Ec",
            "created_at": "2025-01-07T17:44:07.743Z",
            "expires_at": "2025-01-08T17:44:07Z"
        }
    },
    {
        "model": "token_blacklist.outstandingtoken",
        "pk": 92,
        "fields": {
            "user": 104,
            "jti": "bc8aa5d6eab349a88ba0ca126c4d59a2",
            "token": "eyJhbGciOiJIUzI1NiIsInR5cCI6IkpXVCJ9.eyJ0b2tlbl90eXBlIjoicmVmcmVzaCIsImV4cCI6MTczNjM5OTEwNSwiaWF0IjoxNzM2MzEyNzA1LCJqdGkiOiJiYzhhYTVkNmVhYjM0OWE4OGJhMGNhMTI2YzRkNTlhMiIsInVzZXJfaWQiOjEwNH0.rLf4suTFyeMbiIT7BfOrZof1MYjfxs9rTulXlsPoaSA",
            "created_at": "2025-01-08T05:05:05.384Z",
            "expires_at": "2025-01-09T05:05:05Z"
        }
    },
    {
        "model": "token_blacklist.outstandingtoken",
        "pk": 93,
        "fields": {
            "user": 104,
            "jti": "795e1d63f4994a75b25521eb1b496b37",
            "token": "eyJhbGciOiJIUzI1NiIsInR5cCI6IkpXVCJ9.eyJ0b2tlbl90eXBlIjoicmVmcmVzaCIsImV4cCI6MTczNjM5OTE3OCwiaWF0IjoxNzM2MzEyNzc4LCJqdGkiOiI3OTVlMWQ2M2Y0OTk0YTc1YjI1NTIxZWIxYjQ5NmIzNyIsInVzZXJfaWQiOjEwNH0.7AwTZUgMM6T-Gd4lf-OxzCW6uEtkTvW9x_a8wQwsvkM",
            "created_at": "2025-01-08T05:06:18.365Z",
            "expires_at": "2025-01-09T05:06:18Z"
        }
    },
    {
        "model": "token_blacklist.outstandingtoken",
        "pk": 94,
        "fields": {
            "user": 100,
            "jti": "e3750187c2d44b54a0743dfe40dbcbfc",
            "token": "eyJhbGciOiJIUzI1NiIsInR5cCI6IkpXVCJ9.eyJ0b2tlbl90eXBlIjoicmVmcmVzaCIsImV4cCI6MTczNjM5OTIzOSwiaWF0IjoxNzM2MzEyODM5LCJqdGkiOiJlMzc1MDE4N2MyZDQ0YjU0YTA3NDNkZmU0MGRiY2JmYyIsInVzZXJfaWQiOjEwMH0.H7R_PP8qtW8KcQlN-qeNXHau4f1uch-UNw0Rx-ewjpg",
            "created_at": "2025-01-08T05:07:19.652Z",
            "expires_at": "2025-01-09T05:07:19Z"
        }
    },
    {
        "model": "token_blacklist.outstandingtoken",
        "pk": 95,
        "fields": {
            "user": 94,
            "jti": "58b1f17fbd624e8dbdfc50f93b4fc132",
            "token": "eyJhbGciOiJIUzI1NiIsInR5cCI6IkpXVCJ9.eyJ0b2tlbl90eXBlIjoicmVmcmVzaCIsImV4cCI6MTczNjUzNDkyNywiaWF0IjoxNzM2NDQ4NTI3LCJqdGkiOiI1OGIxZjE3ZmJkNjI0ZThkYmRmYzUwZjkzYjRmYzEzMiIsInVzZXJfaWQiOjk0fQ.xxyI8V_pCb1fS1qTi02UucGj7UvwBWY6J5gmwlGWUD4",
            "created_at": "2025-01-09T18:48:47.430Z",
            "expires_at": "2025-01-10T18:48:47Z"
        }
    },
    {
        "model": "token_blacklist.outstandingtoken",
        "pk": 96,
        "fields": {
            "user": 100,
            "jti": "0a62cfb05186451393b3786e229e37f4",
            "token": "eyJhbGciOiJIUzI1NiIsInR5cCI6IkpXVCJ9.eyJ0b2tlbl90eXBlIjoicmVmcmVzaCIsImV4cCI6MTczNjUzNDkzNSwiaWF0IjoxNzM2NDQ4NTM1LCJqdGkiOiIwYTYyY2ZiMDUxODY0NTEzOTNiMzc4NmUyMjllMzdmNCIsInVzZXJfaWQiOjEwMH0.ppLhVXFkQMwSb4GAkwF8XblGXxvxL4EJWFSEHpWkobw",
            "created_at": "2025-01-09T18:48:55.998Z",
            "expires_at": "2025-01-10T18:48:55Z"
        }
    },
    {
        "model": "token_blacklist.outstandingtoken",
        "pk": 97,
        "fields": {
            "user": 100,
            "jti": "abbec3937329473681deb473357cae59",
            "token": "eyJhbGciOiJIUzI1NiIsInR5cCI6IkpXVCJ9.eyJ0b2tlbl90eXBlIjoicmVmcmVzaCIsImV4cCI6MTczNjUzNjI5NiwiaWF0IjoxNzM2NDQ5ODk2LCJqdGkiOiJhYmJlYzM5MzczMjk0NzM2ODFkZWI0NzMzNTdjYWU1OSIsInVzZXJfaWQiOjEwMH0.hKYTtkkZb1NPWyeepLbZe7GoogcyfeodMpQv-D97pqQ",
            "created_at": "2025-01-09T19:11:36.138Z",
            "expires_at": "2025-01-10T19:11:36Z"
        }
    },
    {
        "model": "token_blacklist.outstandingtoken",
        "pk": 98,
        "fields": {
            "user": 100,
            "jti": "795278bcb2594239ad7cebc02ced27c2",
            "token": "eyJhbGciOiJIUzI1NiIsInR5cCI6IkpXVCJ9.eyJ0b2tlbl90eXBlIjoicmVmcmVzaCIsImV4cCI6MTczNjU0MTIyMCwiaWF0IjoxNzM2NDU0ODIwLCJqdGkiOiI3OTUyNzhiY2IyNTk0MjM5YWQ3Y2ViYzAyY2VkMjdjMiIsInVzZXJfaWQiOjEwMH0.F_rhCXimZ0Y05EERvjcAjfqF0DwUJQjvowt6yd34iEA",
            "created_at": "2025-01-09T20:33:40.655Z",
            "expires_at": "2025-01-10T20:33:40Z"
        }
    },
    {
        "model": "token_blacklist.outstandingtoken",
        "pk": 99,
        "fields": {
            "user": 94,
            "jti": "f7b23160f3d14e0f91592743fc664177",
            "token": "eyJhbGciOiJIUzI1NiIsInR5cCI6IkpXVCJ9.eyJ0b2tlbl90eXBlIjoicmVmcmVzaCIsImV4cCI6MTczNjU0MTI1NSwiaWF0IjoxNzM2NDU0ODU1LCJqdGkiOiJmN2IyMzE2MGYzZDE0ZTBmOTE1OTI3NDNmYzY2NDE3NyIsInVzZXJfaWQiOjk0fQ.pW_qpltxm4v0dkePuLfuQLyBDSoEnhRpBVdhDdTcmPw",
            "created_at": "2025-01-09T20:34:15.370Z",
            "expires_at": "2025-01-10T20:34:15Z"
        }
    },
    {
        "model": "token_blacklist.outstandingtoken",
        "pk": 100,
        "fields": {
            "user": 100,
            "jti": "5fa350aa47d74b7dbd10704c40927351",
            "token": "eyJhbGciOiJIUzI1NiIsInR5cCI6IkpXVCJ9.eyJ0b2tlbl90eXBlIjoicmVmcmVzaCIsImV4cCI6MTczNzIwNjgxNiwiaWF0IjoxNzM3MTIwNDE2LCJqdGkiOiI1ZmEzNTBhYTQ3ZDc0YjdkYmQxMDcwNGM0MDkyNzM1MSIsInVzZXJfaWQiOjEwMH0.e3Itjq8LrO5GnsZZa7TqbNzuNOliaG61_l_giwesPQM",
            "created_at": "2025-01-17T13:26:56.780Z",
            "expires_at": "2025-01-18T13:26:56Z"
        }
    },
    {
        "model": "token_blacklist.outstandingtoken",
        "pk": 101,
        "fields": {
            "user": 94,
            "jti": "571c4e977a1546e8aaf9e58904a68b63",
            "token": "eyJhbGciOiJIUzI1NiIsInR5cCI6IkpXVCJ9.eyJ0b2tlbl90eXBlIjoicmVmcmVzaCIsImV4cCI6MTczNzIwNzA4NSwiaWF0IjoxNzM3MTIwNjg1LCJqdGkiOiI1NzFjNGU5NzdhMTU0NmU4YWFmOWU1ODkwNGE2OGI2MyIsInVzZXJfaWQiOjk0fQ.5XGAu_1GmgKfwTjRBJ4IM9JJpM9kJFH4gka6lOy9b70",
            "created_at": "2025-01-17T13:31:25.032Z",
            "expires_at": "2025-01-18T13:31:25Z"
        }
    },
    {
        "model": "token_blacklist.outstandingtoken",
        "pk": 102,
        "fields": {
            "user": 100,
            "jti": "fcce5c2e0938491e9d57542d71eaccd8",
            "token": "eyJhbGciOiJIUzI1NiIsInR5cCI6IkpXVCJ9.eyJ0b2tlbl90eXBlIjoicmVmcmVzaCIsImV4cCI6MTczNzIwNzA5MiwiaWF0IjoxNzM3MTIwNjkyLCJqdGkiOiJmY2NlNWMyZTA5Mzg0OTFlOWQ1NzU0MmQ3MWVhY2NkOCIsInVzZXJfaWQiOjEwMH0.DOXOFMfioMnB5f_EbCPQIxRs9zukkdDhCRORbulNi14",
            "created_at": "2025-01-17T13:31:32.146Z",
            "expires_at": "2025-01-18T13:31:32Z"
        }
    },
    {
        "model": "token_blacklist.outstandingtoken",
        "pk": 103,
        "fields": {
            "user": 94,
            "jti": "1db864954219444c914512fbfe13aadf",
            "token": "eyJhbGciOiJIUzI1NiIsInR5cCI6IkpXVCJ9.eyJ0b2tlbl90eXBlIjoicmVmcmVzaCIsImV4cCI6MTczODI5ODcyNCwiaWF0IjoxNzM4MjEyMzI0LCJqdGkiOiIxZGI4NjQ5NTQyMTk0NDRjOTE0NTEyZmJmZTEzYWFkZiIsInVzZXJfaWQiOjk0fQ.y1iAd3-Ra37DamJBG_eOL6DvIRw6q0h4sapoOUJWHtM",
            "created_at": "2025-01-30T04:45:24.623Z",
            "expires_at": "2025-01-31T04:45:24Z"
        }
    },
    {
        "model": "token_blacklist.outstandingtoken",
        "pk": 104,
        "fields": {
            "user": 100,
            "jti": "98de62b23d274a9a83ee2a609dcd1771",
            "token": "eyJhbGciOiJIUzI1NiIsInR5cCI6IkpXVCJ9.eyJ0b2tlbl90eXBlIjoicmVmcmVzaCIsImV4cCI6MTczODI5ODc0MywiaWF0IjoxNzM4MjEyMzQzLCJqdGkiOiI5OGRlNjJiMjNkMjc0YTlhODNlZTJhNjA5ZGNkMTc3MSIsInVzZXJfaWQiOjEwMH0.XYAKRIaVdQ8pSJFxqh-FskmGBQHd0PiP-RGKn_Fi7Fc",
            "created_at": "2025-01-30T04:45:43.813Z",
            "expires_at": "2025-01-31T04:45:43Z"
        }
    },
    {
        "model": "token_blacklist.outstandingtoken",
        "pk": 105,
        "fields": {
            "user": 94,
            "jti": "dda521867ef34371b9ac06db35e3642f",
            "token": "eyJhbGciOiJIUzI1NiIsInR5cCI6IkpXVCJ9.eyJ0b2tlbl90eXBlIjoicmVmcmVzaCIsImV4cCI6MTczODI5OTExOSwiaWF0IjoxNzM4MjEyNzE5LCJqdGkiOiJkZGE1MjE4NjdlZjM0MzcxYjlhYzA2ZGIzNWUzNjQyZiIsInVzZXJfaWQiOjk0fQ.9onskpETvvH3jfGuFvEPBf3kpVSOIRpHqZXy_Iw8zVk",
            "created_at": "2025-01-30T04:51:59.669Z",
            "expires_at": "2025-01-31T04:51:59Z"
        }
    },
    {
        "model": "token_blacklist.outstandingtoken",
        "pk": 106,
        "fields": {
            "user": 94,
            "jti": "e637ced3c94141bebbe5c8264620a0f2",
            "token": "eyJhbGciOiJIUzI1NiIsInR5cCI6IkpXVCJ9.eyJ0b2tlbl90eXBlIjoicmVmcmVzaCIsImV4cCI6MTczODMxNDUzNCwiaWF0IjoxNzM4MjI4MTM0LCJqdGkiOiJlNjM3Y2VkM2M5NDE0MWJlYmJlNWM4MjY0NjIwYTBmMiIsInVzZXJfaWQiOjk0fQ.gi3kjcDHXJc2W1t2C2l6ZFwB16aw5whZD9xdTQVy140",
            "created_at": "2025-01-30T09:08:54.121Z",
            "expires_at": "2025-01-31T09:08:54Z"
        }
    },
    {
        "model": "token_blacklist.outstandingtoken",
        "pk": 107,
        "fields": {
            "user": 100,
            "jti": "b1701c82289c41e88c126fad6fa2fbd6",
            "token": "eyJhbGciOiJIUzI1NiIsInR5cCI6IkpXVCJ9.eyJ0b2tlbl90eXBlIjoicmVmcmVzaCIsImV4cCI6MTczODMxNDkxNiwiaWF0IjoxNzM4MjI4NTE2LCJqdGkiOiJiMTcwMWM4MjI4OWM0MWU4OGMxMjZmYWQ2ZmEyZmJkNiIsInVzZXJfaWQiOjEwMH0.vzVptST5pKukMeu3lmuxWK3nrEItKSuwRpyvGhFvErE",
            "created_at": "2025-01-30T09:15:16.343Z",
            "expires_at": "2025-01-31T09:15:16Z"
        }
    },
    {
        "model": "token_blacklist.outstandingtoken",
        "pk": 108,
        "fields": {
            "user": 100,
            "jti": "15214bf992dd40eea1fc35a2735b154f",
            "token": "eyJhbGciOiJIUzI1NiIsInR5cCI6IkpXVCJ9.eyJ0b2tlbl90eXBlIjoicmVmcmVzaCIsImV4cCI6MTczODMxNTE5NSwiaWF0IjoxNzM4MjI4Nzk1LCJqdGkiOiIxNTIxNGJmOTkyZGQ0MGVlYTFmYzM1YTI3MzViMTU0ZiIsInVzZXJfaWQiOjEwMH0.HkqDWkKDqyA_ryfvMMlWl17N_Yew3815yBMTeHJ8a9s",
            "created_at": "2025-01-30T09:19:55.144Z",
            "expires_at": "2025-01-31T09:19:55Z"
        }
    },
    {
        "model": "token_blacklist.outstandingtoken",
        "pk": 109,
        "fields": {
            "user": 94,
            "jti": "debc4fddd2f84ade803deed7c8cbb07e",
            "token": "eyJhbGciOiJIUzI1NiIsInR5cCI6IkpXVCJ9.eyJ0b2tlbl90eXBlIjoicmVmcmVzaCIsImV4cCI6MTczODMxNjMwNiwiaWF0IjoxNzM4MjI5OTA2LCJqdGkiOiJkZWJjNGZkZGQyZjg0YWRlODAzZGVlZDdjOGNiYjA3ZSIsInVzZXJfaWQiOjk0fQ.cjRC76yS43jGW7QETs2Y4em5by_Rd9cRh2NX__mkAMk",
            "created_at": "2025-01-30T09:38:26.515Z",
            "expires_at": "2025-01-31T09:38:26Z"
        }
    },
    {
        "model": "token_blacklist.outstandingtoken",
        "pk": 110,
        "fields": {
            "user": 100,
            "jti": "e1120ef9d3134a008736323b5f2f419d",
            "token": "eyJhbGciOiJIUzI1NiIsInR5cCI6IkpXVCJ9.eyJ0b2tlbl90eXBlIjoicmVmcmVzaCIsImV4cCI6MTczODMyMDg4MiwiaWF0IjoxNzM4MjM0NDgyLCJqdGkiOiJlMTEyMGVmOWQzMTM0YTAwODczNjMyM2I1ZjJmNDE5ZCIsInVzZXJfaWQiOjEwMH0.E0LNI7c7DDmrNZuzhhwgKT0nAODoaWdewYL55lCncvQ",
            "created_at": "2025-01-30T10:54:42.637Z",
            "expires_at": "2025-01-31T10:54:42Z"
        }
    },
    {
        "model": "token_blacklist.outstandingtoken",
        "pk": 111,
        "fields": {
            "user": 94,
            "jti": "c856eddc289640358f49e199299d57ae",
            "token": "eyJhbGciOiJIUzI1NiIsInR5cCI6IkpXVCJ9.eyJ0b2tlbl90eXBlIjoicmVmcmVzaCIsImV4cCI6MTczODMyMTE5OCwiaWF0IjoxNzM4MjM0Nzk4LCJqdGkiOiJjODU2ZWRkYzI4OTY0MDM1OGY0OWUxOTkyOTlkNTdhZSIsInVzZXJfaWQiOjk0fQ.Y4U7lUNDrFegoddlGK157c2YWPKkJ8ZaYKg0U_fOdog",
            "created_at": "2025-01-30T10:59:58.667Z",
            "expires_at": "2025-01-31T10:59:58Z"
        }
    },
    {
        "model": "token_blacklist.outstandingtoken",
        "pk": 112,
        "fields": {
            "user": 100,
            "jti": "2a27c5ddd7944c649de9e2574c71c197",
            "token": "eyJhbGciOiJIUzI1NiIsInR5cCI6IkpXVCJ9.eyJ0b2tlbl90eXBlIjoicmVmcmVzaCIsImV4cCI6MTczODMyNjgzNywiaWF0IjoxNzM4MjQwNDM3LCJqdGkiOiIyYTI3YzVkZGQ3OTQ0YzY0OWRlOWUyNTc0YzcxYzE5NyIsInVzZXJfaWQiOjEwMH0.fTA3QMMdSu5WmtiY2xQ2Hnab_IIVnBemg50rKM2NKrw",
            "created_at": "2025-01-30T12:33:57.936Z",
            "expires_at": "2025-01-31T12:33:57Z"
        }
    },
    {
        "model": "token_blacklist.outstandingtoken",
        "pk": 113,
        "fields": {
            "user": 94,
            "jti": "b1a4840de9de442a8be1eb89d1a9366b",
            "token": "eyJhbGciOiJIUzI1NiIsInR5cCI6IkpXVCJ9.eyJ0b2tlbl90eXBlIjoicmVmcmVzaCIsImV4cCI6MTczODMyNjg0NSwiaWF0IjoxNzM4MjQwNDQ1LCJqdGkiOiJiMWE0ODQwZGU5ZGU0NDJhOGJlMWViODlkMWE5MzY2YiIsInVzZXJfaWQiOjk0fQ.t-1VJMIvyRQf87LlsWxlk2JbIV6c4ZKYLYR3phbWfaM",
            "created_at": "2025-01-30T12:34:05.879Z",
            "expires_at": "2025-01-31T12:34:05Z"
        }
    },
    {
        "model": "token_blacklist.outstandingtoken",
        "pk": 114,
        "fields": {
            "user": 94,
            "jti": "9d790885a7cb423d977b152d993472b6",
            "token": "eyJhbGciOiJIUzI1NiIsInR5cCI6IkpXVCJ9.eyJ0b2tlbl90eXBlIjoicmVmcmVzaCIsImV4cCI6MTczODMzMDE1NiwiaWF0IjoxNzM4MjQzNzU2LCJqdGkiOiI5ZDc5MDg4NWE3Y2I0MjNkOTc3YjE1MmQ5OTM0NzJiNiIsInVzZXJfaWQiOjk0fQ.ZC6_Iaz9fTrts2-NuKQIvbCtXxOnUbZtFc0Xj_5Acoc",
            "created_at": "2025-01-30T13:29:16.931Z",
            "expires_at": "2025-01-31T13:29:16Z"
        }
    },
    {
        "model": "token_blacklist.outstandingtoken",
        "pk": 115,
        "fields": {
            "user": 100,
            "jti": "4d8465b4018545d0b6860f50b05ad70f",
            "token": "eyJhbGciOiJIUzI1NiIsInR5cCI6IkpXVCJ9.eyJ0b2tlbl90eXBlIjoicmVmcmVzaCIsImV4cCI6MTczODMzMDE2NSwiaWF0IjoxNzM4MjQzNzY1LCJqdGkiOiI0ZDg0NjViNDAxODU0NWQwYjY4NjBmNTBiMDVhZDcwZiIsInVzZXJfaWQiOjEwMH0.Z44RZUBnjdytZ5yVAJp5FrVyJkGC-noADeXid4E2u_c",
            "created_at": "2025-01-30T13:29:25.596Z",
            "expires_at": "2025-01-31T13:29:25Z"
        }
    },
    {
        "model": "token_blacklist.outstandingtoken",
        "pk": 116,
        "fields": {
            "user": 94,
            "jti": "c8606df0abe04863a5a6e8e4ed71c54a",
            "token": "eyJhbGciOiJIUzI1NiIsInR5cCI6IkpXVCJ9.eyJ0b2tlbl90eXBlIjoicmVmcmVzaCIsImV4cCI6MTczODMzMDE3NywiaWF0IjoxNzM4MjQzNzc3LCJqdGkiOiJjODYwNmRmMGFiZTA0ODYzYTVhNmU4ZTRlZDcxYzU0YSIsInVzZXJfaWQiOjk0fQ.GzPJH3L2kF0E4TAh-UH-SfwpiYuAv_sUxQdCECjLYK4",
            "created_at": "2025-01-30T13:29:37.301Z",
            "expires_at": "2025-01-31T13:29:37Z"
        }
    },
    {
        "model": "token_blacklist.outstandingtoken",
        "pk": 117,
        "fields": {
            "user": 94,
            "jti": "38be50cf4f04473c8e3909127b5e7012",
            "token": "eyJhbGciOiJIUzI1NiIsInR5cCI6IkpXVCJ9.eyJ0b2tlbl90eXBlIjoicmVmcmVzaCIsImV4cCI6MTczODMzMTI4MywiaWF0IjoxNzM4MjQ0ODgzLCJqdGkiOiIzOGJlNTBjZjRmMDQ0NzNjOGUzOTA5MTI3YjVlNzAxMiIsInVzZXJfaWQiOjk0fQ.N2A3w6B9dSDNJrfLi_XDZz0DduPHyB_onVZfqeWahzg",
            "created_at": "2025-01-30T13:48:03.500Z",
            "expires_at": "2025-01-31T13:48:03Z"
        }
    },
    {
        "model": "token_blacklist.outstandingtoken",
        "pk": 118,
        "fields": {
            "user": 100,
            "jti": "2eb094619194450aa8f498652a6f8490",
            "token": "eyJhbGciOiJIUzI1NiIsInR5cCI6IkpXVCJ9.eyJ0b2tlbl90eXBlIjoicmVmcmVzaCIsImV4cCI6MTczODM5MzI5NywiaWF0IjoxNzM4MzA2ODk3LCJqdGkiOiIyZWIwOTQ2MTkxOTQ0NTBhYThmNDk4NjUyYTZmODQ5MCIsInVzZXJfaWQiOjEwMH0.jWf_dQdQ-qo875mt5sCsrs9OuDVvNNi6IqVLPLA4S0Y",
            "created_at": "2025-01-31T07:01:37.692Z",
            "expires_at": "2025-02-01T07:01:37Z"
        }
    },
    {
        "model": "token_blacklist.outstandingtoken",
        "pk": 119,
        "fields": {
            "user": 100,
            "jti": "0c5b600a9ab94586bf305a54637269d3",
            "token": "eyJhbGciOiJIUzI1NiIsInR5cCI6IkpXVCJ9.eyJ0b2tlbl90eXBlIjoicmVmcmVzaCIsImV4cCI6MTczODQwNDI2MCwiaWF0IjoxNzM4MzE3ODYwLCJqdGkiOiIwYzViNjAwYTlhYjk0NTg2YmYzMDVhNTQ2MzcyNjlkMyIsInVzZXJfaWQiOjEwMH0.69BO6OB0VaDkmxVxmfZH2ccWc5heitWwnacMNLXlGRY",
            "created_at": "2025-01-31T10:04:20.512Z",
            "expires_at": "2025-02-01T10:04:20Z"
        }
    },
    {
        "model": "token_blacklist.outstandingtoken",
        "pk": 120,
        "fields": {
            "user": 94,
            "jti": "d2c2cd709a624f52b3c8114e6d3d1bc2",
            "token": "eyJhbGciOiJIUzI1NiIsInR5cCI6IkpXVCJ9.eyJ0b2tlbl90eXBlIjoicmVmcmVzaCIsImV4cCI6MTczODQwNDI2NiwiaWF0IjoxNzM4MzE3ODY2LCJqdGkiOiJkMmMyY2Q3MDlhNjI0ZjUyYjNjODExNGU2ZDNkMWJjMiIsInVzZXJfaWQiOjk0fQ.siTT6q2QnWgdIx7b3b1DsFgbMfD9ckDfiXokyLFYYt8",
            "created_at": "2025-01-31T10:04:26.639Z",
            "expires_at": "2025-02-01T10:04:26Z"
        }
    },
    {
        "model": "token_blacklist.outstandingtoken",
        "pk": 121,
        "fields": {
            "user": 100,
            "jti": "487e1307c77d4a7ba2799c72f2a47bd0",
            "token": "eyJhbGciOiJIUzI1NiIsInR5cCI6IkpXVCJ9.eyJ0b2tlbl90eXBlIjoicmVmcmVzaCIsImV4cCI6MTczODQ4NTMwMiwiaWF0IjoxNzM4Mzk4OTAyLCJqdGkiOiI0ODdlMTMwN2M3N2Q0YTdiYTI3OTljNzJmMmE0N2JkMCIsInVzZXJfaWQiOjEwMH0.aT31xmaruPOOfjzplTz7u4QO89DBP9vt9tmTMjz_t8Y",
            "created_at": "2025-02-01T08:35:02.157Z",
            "expires_at": "2025-02-02T08:35:02Z"
        }
    },
    {
        "model": "token_blacklist.outstandingtoken",
        "pk": 122,
        "fields": {
            "user": 94,
            "jti": "f61f497797cd4380ac1dad07a8627a4b",
            "token": "eyJhbGciOiJIUzI1NiIsInR5cCI6IkpXVCJ9.eyJ0b2tlbl90eXBlIjoicmVmcmVzaCIsImV4cCI6MTczODQ5MDkzNSwiaWF0IjoxNzM4NDA0NTM1LCJqdGkiOiJmNjFmNDk3Nzk3Y2Q0MzgwYWMxZGFkMDdhODYyN2E0YiIsInVzZXJfaWQiOjk0fQ.OBSAi0YBVy8u6as8eqWNJlWR4f_fSfgu5-UUVFVphZU",
            "created_at": "2025-02-01T10:08:55.567Z",
            "expires_at": "2025-02-02T10:08:55Z"
        }
    },
    {
        "model": "token_blacklist.outstandingtoken",
        "pk": 123,
        "fields": {
            "user": 100,
            "jti": "0abe98ab326143c8ab51ad6de8305578",
            "token": "eyJhbGciOiJIUzI1NiIsInR5cCI6IkpXVCJ9.eyJ0b2tlbl90eXBlIjoicmVmcmVzaCIsImV4cCI6MTczODUxODc4OCwiaWF0IjoxNzM4NDMyMzg4LCJqdGkiOiIwYWJlOThhYjMyNjE0M2M4YWI1MWFkNmRlODMwNTU3OCIsInVzZXJfaWQiOjEwMH0.2DoCekEPa7yBnxZK49mGaRfJAuT9EoWk1Pq_ifIuqfI",
            "created_at": "2025-02-01T17:53:08.928Z",
            "expires_at": "2025-02-02T17:53:08Z"
        }
    },
    {
        "model": "token_blacklist.outstandingtoken",
        "pk": 124,
        "fields": {
            "user": 94,
            "jti": "896b9a1cf4c14dbb855542dfabef0766",
            "token": "eyJhbGciOiJIUzI1NiIsInR5cCI6IkpXVCJ9.eyJ0b2tlbl90eXBlIjoicmVmcmVzaCIsImV4cCI6MTczODU0NDg3MywiaWF0IjoxNzM4NDU4NDczLCJqdGkiOiI4OTZiOWExY2Y0YzE0ZGJiODU1NTQyZGZhYmVmMDc2NiIsInVzZXJfaWQiOjk0fQ.tCQF0gnFPuTmxhiK6gl7SOAEadzeGBygfO_iQMUth0o",
            "created_at": "2025-02-02T01:07:53.947Z",
            "expires_at": "2025-02-03T01:07:53Z"
        }
    },
    {
        "model": "token_blacklist.outstandingtoken",
        "pk": 125,
        "fields": {
            "user": 100,
            "jti": "24cee7e4decb4cda842665e85a13ee78",
            "token": "eyJhbGciOiJIUzI1NiIsInR5cCI6IkpXVCJ9.eyJ0b2tlbl90eXBlIjoicmVmcmVzaCIsImV4cCI6MTczODU0NDk5NSwiaWF0IjoxNzM4NDU4NTk1LCJqdGkiOiIyNGNlZTdlNGRlY2I0Y2RhODQyNjY1ZTg1YTEzZWU3OCIsInVzZXJfaWQiOjEwMH0.uvxsh77COkBeEFoZS5QVf814LV28ye4EAAKoF2l-h7Y",
            "created_at": "2025-02-02T01:09:55.030Z",
            "expires_at": "2025-02-03T01:09:55Z"
        }
    },
    {
        "model": "token_blacklist.outstandingtoken",
        "pk": 126,
        "fields": {
            "user": 94,
            "jti": "52c8eab911104a6cb3777bae4850128e",
            "token": "eyJhbGciOiJIUzI1NiIsInR5cCI6IkpXVCJ9.eyJ0b2tlbl90eXBlIjoicmVmcmVzaCIsImV4cCI6MTczODY1MDIxOSwiaWF0IjoxNzM4NTYzODE5LCJqdGkiOiI1MmM4ZWFiOTExMTA0YTZjYjM3NzdiYWU0ODUwMTI4ZSIsInVzZXJfaWQiOjk0fQ.qd6tKzqAlfDDWUskaGJ7iTxmh0FKPqWpFPLXl8bkpcA",
            "created_at": "2025-02-03T06:23:39.351Z",
            "expires_at": "2025-02-04T06:23:39Z"
        }
    },
    {
        "model": "token_blacklist.outstandingtoken",
        "pk": 127,
        "fields": {
            "user": 94,
            "jti": "c4bb3c73f02a4f1e952be9cde6704ce2",
            "token": "eyJhbGciOiJIUzI1NiIsInR5cCI6IkpXVCJ9.eyJ0b2tlbl90eXBlIjoicmVmcmVzaCIsImV4cCI6MTczODY1Mzk4NSwiaWF0IjoxNzM4NTY3NTg1LCJqdGkiOiJjNGJiM2M3M2YwMmE0ZjFlOTUyYmU5Y2RlNjcwNGNlMiIsInVzZXJfaWQiOjk0fQ.ZxceBpUZ2czkyob4SsN0eiz5hsHM90yfWgHmfQcKO5E",
            "created_at": "2025-02-03T07:26:25.725Z",
            "expires_at": "2025-02-04T07:26:25Z"
        }
    },
    {
        "model": "token_blacklist.outstandingtoken",
        "pk": 128,
        "fields": {
            "user": 100,
            "jti": "4b2e6a7ba4ec4c2fb880afc070e2d49f",
            "token": "eyJhbGciOiJIUzI1NiIsInR5cCI6IkpXVCJ9.eyJ0b2tlbl90eXBlIjoicmVmcmVzaCIsImV4cCI6MTczODY3ODk3OSwiaWF0IjoxNzM4NTkyNTc5LCJqdGkiOiI0YjJlNmE3YmE0ZWM0YzJmYjg4MGFmYzA3MGUyZDQ5ZiIsInVzZXJfaWQiOjEwMH0.yfF_PcT1BrYEAkzJizoN-J1YxEiHFw-wEUTVfrc0Pew",
            "created_at": "2025-02-03T14:22:59.932Z",
            "expires_at": "2025-02-04T14:22:59Z"
        }
    },
    {
        "model": "token_blacklist.outstandingtoken",
        "pk": 129,
        "fields": {
            "user": 94,
            "jti": "3f72b5b76a0e4bae832325f6d1d80d89",
            "token": "eyJhbGciOiJIUzI1NiIsInR5cCI6IkpXVCJ9.eyJ0b2tlbl90eXBlIjoicmVmcmVzaCIsImV4cCI6MTczODc0NTM2OCwiaWF0IjoxNzM4NjU4OTY4LCJqdGkiOiIzZjcyYjViNzZhMGU0YmFlODMyMzI1ZjZkMWQ4MGQ4OSIsInVzZXJfaWQiOjk0fQ.Tv85bzkPayDa-V9K0IdWOw0CX4sjcFzfKM2vtvhPXVM",
            "created_at": "2025-02-04T08:49:28.008Z",
            "expires_at": "2025-02-05T08:49:28Z"
        }
    },
    {
        "model": "token_blacklist.outstandingtoken",
        "pk": 130,
        "fields": {
            "user": 100,
            "jti": "14752899dd5342ba8ffdb7f4c0e76370",
            "token": "eyJhbGciOiJIUzI1NiIsInR5cCI6IkpXVCJ9.eyJ0b2tlbl90eXBlIjoicmVmcmVzaCIsImV4cCI6MTczODc0NTM3NCwiaWF0IjoxNzM4NjU4OTc0LCJqdGkiOiIxNDc1Mjg5OWRkNTM0MmJhOGZmZGI3ZjRjMGU3NjM3MCIsInVzZXJfaWQiOjEwMH0.HlVXac0QzUVu-YMHDTCLZj6RQeNAg4OxoERLzKwAFvc",
            "created_at": "2025-02-04T08:49:34.841Z",
            "expires_at": "2025-02-05T08:49:34Z"
        }
    },
    {
        "model": "token_blacklist.outstandingtoken",
        "pk": 131,
        "fields": {
            "user": 94,
            "jti": "4017218247374fa3a5c1810047632c55",
            "token": "eyJhbGciOiJIUzI1NiIsInR5cCI6IkpXVCJ9.eyJ0b2tlbl90eXBlIjoicmVmcmVzaCIsImV4cCI6MTczODc0NTQ0NiwiaWF0IjoxNzM4NjU5MDQ2LCJqdGkiOiI0MDE3MjE4MjQ3Mzc0ZmEzYTVjMTgxMDA0NzYzMmM1NSIsInVzZXJfaWQiOjk0fQ.RzVyU5vwRZ6eEzVm37EBbb6feIwg0xIUz-FlWQGT41o",
            "created_at": "2025-02-04T08:50:46.721Z",
            "expires_at": "2025-02-05T08:50:46Z"
        }
    },
    {
        "model": "token_blacklist.outstandingtoken",
        "pk": 132,
        "fields": {
            "user": 100,
            "jti": "dcba5dc35c4941919273d7efab1a192f",
            "token": "eyJhbGciOiJIUzI1NiIsInR5cCI6IkpXVCJ9.eyJ0b2tlbl90eXBlIjoicmVmcmVzaCIsImV4cCI6MTczODc0ODA5MSwiaWF0IjoxNzM4NjYxNjkxLCJqdGkiOiJkY2JhNWRjMzVjNDk0MTkxOTI3M2Q3ZWZhYjFhMTkyZiIsInVzZXJfaWQiOjEwMH0.EqwGrKtBy48qEZ90Mj7ztVndV4NOmP4v4QHJsRKit8g",
            "created_at": "2025-02-04T09:34:51.230Z",
            "expires_at": "2025-02-05T09:34:51Z"
        }
    },
    {
        "model": "token_blacklist.outstandingtoken",
        "pk": 133,
        "fields": {
            "user": 94,
            "jti": "2deac3d929104138b71c343b6d0aa145",
            "token": "eyJhbGciOiJIUzI1NiIsInR5cCI6IkpXVCJ9.eyJ0b2tlbl90eXBlIjoicmVmcmVzaCIsImV4cCI6MTczODkzNDI5OSwiaWF0IjoxNzM4ODQ3ODk5LCJqdGkiOiIyZGVhYzNkOTI5MTA0MTM4YjcxYzM0M2I2ZDBhYTE0NSIsInVzZXJfaWQiOjk0fQ.K0Fc8qYCTGc6ahyyxtntDd_2myNxav237ak88YHLXKs",
            "created_at": "2025-02-06T13:18:19.542Z",
            "expires_at": "2025-02-07T13:18:19Z"
        }
    },
    {
        "model": "token_blacklist.outstandingtoken",
        "pk": 134,
        "fields": {
            "user": 100,
            "jti": "601b6cc62b70422c9ac593832d6e1647",
            "token": "eyJhbGciOiJIUzI1NiIsInR5cCI6IkpXVCJ9.eyJ0b2tlbl90eXBlIjoicmVmcmVzaCIsImV4cCI6MTczODkzNDkyOSwiaWF0IjoxNzM4ODQ4NTI5LCJqdGkiOiI2MDFiNmNjNjJiNzA0MjJjOWFjNTkzODMyZDZlMTY0NyIsInVzZXJfaWQiOjEwMH0.T-qTqEf5f_98ZcwzWOTJi13tR4nwBRCEN8NyarlSib8",
            "created_at": "2025-02-06T13:28:49.610Z",
            "expires_at": "2025-02-07T13:28:49Z"
        }
    },
    {
        "model": "token_blacklist.outstandingtoken",
        "pk": 135,
        "fields": {
            "user": 94,
            "jti": "8c69b949f9464c7f9ac3ef70b4b7f990",
            "token": "eyJhbGciOiJIUzI1NiIsInR5cCI6IkpXVCJ9.eyJ0b2tlbl90eXBlIjoicmVmcmVzaCIsImV4cCI6MTczOTM4MzI4OSwiaWF0IjoxNzM5Mjk2ODg5LCJqdGkiOiI4YzY5Yjk0OWY5NDY0YzdmOWFjM2VmNzBiNGI3Zjk5MCIsInVzZXJfaWQiOjk0fQ.rfD3rcF0BNVarwrQrwFrbeSUYpXZ5yk2xFZQjkHKFVk",
            "created_at": "2025-02-11T18:01:29.668Z",
            "expires_at": "2025-02-12T18:01:29Z"
        }
    },
    {
        "model": "token_blacklist.outstandingtoken",
        "pk": 136,
        "fields": {
            "user": 100,
            "jti": "698a32636a334c97a292963b0df33b21",
            "token": "eyJhbGciOiJIUzI1NiIsInR5cCI6IkpXVCJ9.eyJ0b2tlbl90eXBlIjoicmVmcmVzaCIsImV4cCI6MTczOTM4MzU5MSwiaWF0IjoxNzM5Mjk3MTkxLCJqdGkiOiI2OThhMzI2MzZhMzM0Yzk3YTI5Mjk2M2IwZGYzM2IyMSIsInVzZXJfaWQiOjEwMH0.VNqst7kVsp4FYXNc31mm-FHJ1ZSHzuihdtUyOeNswN8",
            "created_at": "2025-02-11T18:06:31.711Z",
            "expires_at": "2025-02-12T18:06:31Z"
        }
    },
    {
        "model": "token_blacklist.outstandingtoken",
        "pk": 137,
        "fields": {
            "user": 94,
            "jti": "59b01ce9e4d64e80aae2f07c97bee156",
            "token": "eyJhbGciOiJIUzI1NiIsInR5cCI6IkpXVCJ9.eyJ0b2tlbl90eXBlIjoicmVmcmVzaCIsImV4cCI6MTczOTM4NDE0OCwiaWF0IjoxNzM5Mjk3NzQ4LCJqdGkiOiI1OWIwMWNlOWU0ZDY0ZTgwYWFlMmYwN2M5N2JlZTE1NiIsInVzZXJfaWQiOjk0fQ.wfQfZGFwOX-BlpDP8Sjj4O9cwIlHyATmxMrkM-v78Wg",
            "created_at": "2025-02-11T18:15:48.975Z",
            "expires_at": "2025-02-12T18:15:48Z"
        }
    },
    {
        "model": "token_blacklist.outstandingtoken",
        "pk": 138,
        "fields": {
            "user": 94,
            "jti": "84fd70d6f02a4e3f8dee82630a3b917c",
            "token": "eyJhbGciOiJIUzI1NiIsInR5cCI6IkpXVCJ9.eyJ0b2tlbl90eXBlIjoicmVmcmVzaCIsImV4cCI6MTczOTM4NDE1NSwiaWF0IjoxNzM5Mjk3NzU1LCJqdGkiOiI4NGZkNzBkNmYwMmE0ZTNmOGRlZTgyNjMwYTNiOTE3YyIsInVzZXJfaWQiOjk0fQ.2PFtnjWjNePvZnHC0saGpBoBFYp3DVumDADYekpCPrU",
            "created_at": "2025-02-11T18:15:55.817Z",
            "expires_at": "2025-02-12T18:15:55Z"
        }
    },
    {
        "model": "token_blacklist.outstandingtoken",
        "pk": 139,
        "fields": {
            "user": 100,
            "jti": "302f7a587db54af0bacc5ede714f95a1",
            "token": "eyJhbGciOiJIUzI1NiIsInR5cCI6IkpXVCJ9.eyJ0b2tlbl90eXBlIjoicmVmcmVzaCIsImV4cCI6MTczOTM4NDE2OCwiaWF0IjoxNzM5Mjk3NzY4LCJqdGkiOiIzMDJmN2E1ODdkYjU0YWYwYmFjYzVlZGU3MTRmOTVhMSIsInVzZXJfaWQiOjEwMH0.VSPUVDqVyOf8z0wYjSMvLMU425X6Sn34Des33XXqBgY",
            "created_at": "2025-02-11T18:16:08.776Z",
            "expires_at": "2025-02-12T18:16:08Z"
        }
    },
    {
        "model": "token_blacklist.outstandingtoken",
        "pk": 140,
        "fields": {
            "user": 100,
            "jti": "3af54fecdc2d4450856ff514f2889d8c",
            "token": "eyJhbGciOiJIUzI1NiIsInR5cCI6IkpXVCJ9.eyJ0b2tlbl90eXBlIjoicmVmcmVzaCIsImV4cCI6MTczOTQwODU5NywiaWF0IjoxNzM5MzIyMTk3LCJqdGkiOiIzYWY1NGZlY2RjMmQ0NDUwODU2ZmY1MTRmMjg4OWQ4YyIsInVzZXJfaWQiOjEwMH0.RH8h7aeNVE9cdyA_AEawuk44tbUq0iBWedEH3idNW28",
            "created_at": "2025-02-12T01:03:17.092Z",
            "expires_at": "2025-02-13T01:03:17Z"
        }
    },
    {
        "model": "token_blacklist.outstandingtoken",
        "pk": 141,
        "fields": {
            "user": 100,
            "jti": "a3b0e9979bd24f1a82f5ecf1ebacc5b9",
            "token": "eyJhbGciOiJIUzI1NiIsInR5cCI6IkpXVCJ9.eyJ0b2tlbl90eXBlIjoicmVmcmVzaCIsImV4cCI6MTczOTQxMjMzOCwiaWF0IjoxNzM5MzI1OTM4LCJqdGkiOiJhM2IwZTk5NzliZDI0ZjFhODJmNWVjZjFlYmFjYzViOSIsInVzZXJfaWQiOjEwMH0.zg8DM2dRLdgtrTntfoSO5DQG4uMVtibMru0b5kb_ROQ",
            "created_at": "2025-02-12T02:05:38.226Z",
            "expires_at": "2025-02-13T02:05:38Z"
        }
    },
    {
        "model": "token_blacklist.outstandingtoken",
        "pk": 142,
        "fields": {
            "user": 100,
            "jti": "43234140ddbd468ea3581871a7f7f231",
            "token": "eyJhbGciOiJIUzI1NiIsInR5cCI6IkpXVCJ9.eyJ0b2tlbl90eXBlIjoicmVmcmVzaCIsImV4cCI6MTczOTQxMjk0NSwiaWF0IjoxNzM5MzI2NTQ1LCJqdGkiOiI0MzIzNDE0MGRkYmQ0NjhlYTM1ODE4NzFhN2Y3ZjIzMSIsInVzZXJfaWQiOjEwMH0.yp0kIcV5CA2gRDR2rPTbes0OYM5RscWYY7GIs3B3kTQ",
            "created_at": "2025-02-12T02:15:45.329Z",
            "expires_at": "2025-02-13T02:15:45Z"
        }
    },
    {
        "model": "token_blacklist.outstandingtoken",
        "pk": 143,
        "fields": {
            "user": 100,
            "jti": "4bcdb2ae8d2d4e3683bc7ccabb85fb3f",
            "token": "eyJhbGciOiJIUzI1NiIsInR5cCI6IkpXVCJ9.eyJ0b2tlbl90eXBlIjoicmVmcmVzaCIsImV4cCI6MTczOTQxMzUzOCwiaWF0IjoxNzM5MzI3MTM4LCJqdGkiOiI0YmNkYjJhZThkMmQ0ZTM2ODNiYzdjY2FiYjg1ZmIzZiIsInVzZXJfaWQiOjEwMH0.8iSRiaOG7xFtsUBQ8cMDBMkd4HwpN7cAiSh17XwzHG0",
            "created_at": "2025-02-12T02:25:38.625Z",
            "expires_at": "2025-02-13T02:25:38Z"
        }
    },
    {
        "model": "token_blacklist.outstandingtoken",
        "pk": 144,
        "fields": {
            "user": 100,
            "jti": "174f734d5105403c9fe611f18a87e00d",
            "token": "eyJhbGciOiJIUzI1NiIsInR5cCI6IkpXVCJ9.eyJ0b2tlbl90eXBlIjoicmVmcmVzaCIsImV4cCI6MTczOTQxMzkxNCwiaWF0IjoxNzM5MzI3NTE0LCJqdGkiOiIxNzRmNzM0ZDUxMDU0MDNjOWZlNjExZjE4YTg3ZTAwZCIsInVzZXJfaWQiOjEwMH0.lZWgC9hsPbsRQ-QYHa__eixBcgIBOdmtYlAchiJAOyg",
            "created_at": "2025-02-12T02:31:54.274Z",
            "expires_at": "2025-02-13T02:31:54Z"
        }
    },
    {
        "model": "token_blacklist.outstandingtoken",
        "pk": 145,
        "fields": {
            "user": 100,
            "jti": "de8cc3e22b85455f86e5b033a7705668",
            "token": "eyJhbGciOiJIUzI1NiIsInR5cCI6IkpXVCJ9.eyJ0b2tlbl90eXBlIjoicmVmcmVzaCIsImV4cCI6MTczOTQ0MzkyNSwiaWF0IjoxNzM5MzU3NTI1LCJqdGkiOiJkZThjYzNlMjJiODU0NTVmODZlNWIwMzNhNzcwNTY2OCIsInVzZXJfaWQiOjEwMH0.oTm7nV88zVKBzJ_pFBPYUYrw5_SkvNmuHofXQyPesWQ",
            "created_at": "2025-02-12T10:52:05.593Z",
            "expires_at": "2025-02-13T10:52:05Z"
        }
    },
    {
        "model": "token_blacklist.outstandingtoken",
        "pk": 146,
        "fields": {
            "user": 100,
            "jti": "6bc54521659046a58031a7c6a1cdb11d",
            "token": "eyJhbGciOiJIUzI1NiIsInR5cCI6IkpXVCJ9.eyJ0b2tlbl90eXBlIjoicmVmcmVzaCIsImV4cCI6MTczOTQ0ODcxNCwiaWF0IjoxNzM5MzYyMzE0LCJqdGkiOiI2YmM1NDUyMTY1OTA0NmE1ODAzMWE3YzZhMWNkYjExZCIsInVzZXJfaWQiOjEwMH0.F1IKeeJRXr51SdzSL2pYXF2bzoqS-Xt20u_a5L7PY8s",
            "created_at": "2025-02-12T12:11:54.130Z",
            "expires_at": "2025-02-13T12:11:54Z"
        }
    },
    {
        "model": "token_blacklist.outstandingtoken",
        "pk": 147,
        "fields": {
            "user": 100,
            "jti": "ab29c251404b47f2bd37ec8f3b9c0aca",
            "token": "eyJhbGciOiJIUzI1NiIsInR5cCI6IkpXVCJ9.eyJ0b2tlbl90eXBlIjoicmVmcmVzaCIsImV4cCI6MTczOTQ2MzM2MSwiaWF0IjoxNzM5Mzc2OTYxLCJqdGkiOiJhYjI5YzI1MTQwNGI0N2YyYmQzN2VjOGYzYjljMGFjYSIsInVzZXJfaWQiOjEwMH0.svC2SkQgftoK6Yuj0CFB6l2isUJ2z3xtzAqugPGA6Js",
            "created_at": "2025-02-12T16:16:01.807Z",
            "expires_at": "2025-02-13T16:16:01Z"
        }
    },
    {
        "model": "token_blacklist.outstandingtoken",
        "pk": 148,
        "fields": {
            "user": 100,
            "jti": "eefc941092bd4c8fa438157c93d71fe4",
            "token": "eyJhbGciOiJIUzI1NiIsInR5cCI6IkpXVCJ9.eyJ0b2tlbl90eXBlIjoicmVmcmVzaCIsImV4cCI6MTczOTUzNDczNiwiaWF0IjoxNzM5NDQ4MzM2LCJqdGkiOiJlZWZjOTQxMDkyYmQ0YzhmYTQzODE1N2M5M2Q3MWZlNCIsInVzZXJfaWQiOjEwMH0.qIKpWCjikHiAqJtw5NeSrJe5bQ5cFD_tVU7avIj8fFY",
            "created_at": "2025-02-13T12:05:36.620Z",
            "expires_at": "2025-02-14T12:05:36Z"
        }
    },
    {
        "model": "token_blacklist.outstandingtoken",
        "pk": 149,
        "fields": {
            "user": 100,
            "jti": "b96f341551214073a31f5c066ff80050",
            "token": "eyJhbGciOiJIUzI1NiIsInR5cCI6IkpXVCJ9.eyJ0b2tlbl90eXBlIjoicmVmcmVzaCIsImV4cCI6MTczOTU0MDkwNiwiaWF0IjoxNzM5NDU0NTA2LCJqdGkiOiJiOTZmMzQxNTUxMjE0MDczYTMxZjVjMDY2ZmY4MDA1MCIsInVzZXJfaWQiOjEwMH0.KRR5x9aG2zxhHJiP9Lpx09wbkuQYWoAoUP4-Pb3LdAU",
            "created_at": "2025-02-13T13:48:26.475Z",
            "expires_at": "2025-02-14T13:48:26Z"
        }
    },
    {
        "model": "token_blacklist.outstandingtoken",
        "pk": 150,
        "fields": {
            "user": 100,
            "jti": "d139b486d7954823bfac03e099bbaaae",
            "token": "eyJhbGciOiJIUzI1NiIsInR5cCI6IkpXVCJ9.eyJ0b2tlbl90eXBlIjoicmVmcmVzaCIsImV4cCI6MTczOTU1NDA0MSwiaWF0IjoxNzM5NDY3NjQxLCJqdGkiOiJkMTM5YjQ4NmQ3OTU0ODIzYmZhYzAzZTA5OWJiYWFhZSIsInVzZXJfaWQiOjEwMH0.sd44mJBBloq7B4V5Xb2dCzXBeNVF5Nb-RCyJXNP02bk",
            "created_at": "2025-02-13T17:27:21.357Z",
            "expires_at": "2025-02-14T17:27:21Z"
        }
    },
    {
        "model": "token_blacklist.outstandingtoken",
        "pk": 151,
        "fields": {
            "user": 100,
            "jti": "493e3cf952e5441f9b6f3a1d51c85c3d",
            "token": "eyJhbGciOiJIUzI1NiIsInR5cCI6IkpXVCJ9.eyJ0b2tlbl90eXBlIjoicmVmcmVzaCIsImV4cCI6MTczOTU1NDE2MiwiaWF0IjoxNzM5NDY3NzYyLCJqdGkiOiI0OTNlM2NmOTUyZTU0NDFmOWI2ZjNhMWQ1MWM4NWMzZCIsInVzZXJfaWQiOjEwMH0.Cn6Y-VyxNNJhysYixBeaHtke68FlJKJgYUVygg60R1w",
            "created_at": "2025-02-13T17:29:22.438Z",
            "expires_at": "2025-02-14T17:29:22Z"
        }
    },
    {
        "model": "token_blacklist.outstandingtoken",
        "pk": 152,
        "fields": {
            "user": 100,
            "jti": "00967ab0ec9c4f298163226fa6a86d71",
            "token": "eyJhbGciOiJIUzI1NiIsInR5cCI6IkpXVCJ9.eyJ0b2tlbl90eXBlIjoicmVmcmVzaCIsImV4cCI6MTczOTU1NDUxNSwiaWF0IjoxNzM5NDY4MTE1LCJqdGkiOiIwMDk2N2FiMGVjOWM0ZjI5ODE2MzIyNmZhNmE4NmQ3MSIsInVzZXJfaWQiOjEwMH0.fLZr0vMOBZ6cl2lIHEVOB6HvZhEaxvJCdiVmqpiPX50",
            "created_at": "2025-02-13T17:35:15.205Z",
            "expires_at": "2025-02-14T17:35:15Z"
        }
    },
    {
        "model": "token_blacklist.outstandingtoken",
        "pk": 153,
        "fields": {
            "user": 100,
            "jti": "0f493440518e479b8e5712b9a40d247f",
            "token": "eyJhbGciOiJIUzI1NiIsInR5cCI6IkpXVCJ9.eyJ0b2tlbl90eXBlIjoicmVmcmVzaCIsImV4cCI6MTczOTU1NTk0OSwiaWF0IjoxNzM5NDY5NTQ5LCJqdGkiOiIwZjQ5MzQ0MDUxOGU0NzliOGU1NzEyYjlhNDBkMjQ3ZiIsInVzZXJfaWQiOjEwMH0.fwU8bfoq4-xbQVhROg9eVRFox8bJWvNvivKdrgAZQ4U",
            "created_at": "2025-02-13T17:59:09.542Z",
            "expires_at": "2025-02-14T17:59:09Z"
        }
    },
    {
        "model": "token_blacklist.outstandingtoken",
        "pk": 154,
        "fields": {
            "user": 100,
            "jti": "59b440fa75fb435bab5c4ba22e4864d7",
            "token": "eyJhbGciOiJIUzI1NiIsInR5cCI6IkpXVCJ9.eyJ0b2tlbl90eXBlIjoicmVmcmVzaCIsImV4cCI6MTczOTU1NTk5MywiaWF0IjoxNzM5NDY5NTkzLCJqdGkiOiI1OWI0NDBmYTc1ZmI0MzViYWI1YzRiYTIyZTQ4NjRkNyIsInVzZXJfaWQiOjEwMH0.0PGN_wC2dQ4LPE25od82itJ0fvX0dgX2VFZJVXXIuoM",
            "created_at": "2025-02-13T17:59:53.616Z",
            "expires_at": "2025-02-14T17:59:53Z"
        }
    },
    {
        "model": "token_blacklist.outstandingtoken",
        "pk": 155,
        "fields": {
            "user": 100,
            "jti": "e9afebf067a5454e98a1f01857b11835",
            "token": "eyJhbGciOiJIUzI1NiIsInR5cCI6IkpXVCJ9.eyJ0b2tlbl90eXBlIjoicmVmcmVzaCIsImV4cCI6MTczOTU1NjM3NCwiaWF0IjoxNzM5NDY5OTc0LCJqdGkiOiJlOWFmZWJmMDY3YTU0NTRlOThhMWYwMTg1N2IxMTgzNSIsInVzZXJfaWQiOjEwMH0.TOG9GZkOAyRmEbGssmNXfu83akP_j7WKdogOUCli0AU",
            "created_at": "2025-02-13T18:06:14.677Z",
            "expires_at": "2025-02-14T18:06:14Z"
        }
    },
    {
        "model": "token_blacklist.outstandingtoken",
        "pk": 156,
        "fields": {
            "user": 100,
            "jti": "7fa56f6c76174105ad999ec3e09ae0ad",
            "token": "eyJhbGciOiJIUzI1NiIsInR5cCI6IkpXVCJ9.eyJ0b2tlbl90eXBlIjoicmVmcmVzaCIsImV4cCI6MTczOTU1NjM5MCwiaWF0IjoxNzM5NDY5OTkwLCJqdGkiOiI3ZmE1NmY2Yzc2MTc0MTA1YWQ5OTllYzNlMDlhZTBhZCIsInVzZXJfaWQiOjEwMH0.G905JID_hcecCVRP7C4l-SKSZ9ej95G9qh4C-iQLFLE",
            "created_at": "2025-02-13T18:06:30.726Z",
            "expires_at": "2025-02-14T18:06:30Z"
        }
    },
    {
        "model": "token_blacklist.outstandingtoken",
        "pk": 157,
        "fields": {
            "user": 100,
            "jti": "208f84dab32a4845a7acee563aa21dc6",
            "token": "eyJhbGciOiJIUzI1NiIsInR5cCI6IkpXVCJ9.eyJ0b2tlbl90eXBlIjoicmVmcmVzaCIsImV4cCI6MTczOTU1NjU1NCwiaWF0IjoxNzM5NDcwMTU0LCJqdGkiOiIyMDhmODRkYWIzMmE0ODQ1YTdhY2VlNTYzYWEyMWRjNiIsInVzZXJfaWQiOjEwMH0.3I1UAi8jxReHFsaJxbuYJL8c1NxofPhlkumYZTDGFnk",
            "created_at": "2025-02-13T18:09:14.446Z",
            "expires_at": "2025-02-14T18:09:14Z"
        }
    },
    {
        "model": "token_blacklist.outstandingtoken",
        "pk": 158,
        "fields": {
            "user": 100,
            "jti": "a8aa2625cf0e4a5fbbb17ce3a24d195f",
            "token": "eyJhbGciOiJIUzI1NiIsInR5cCI6IkpXVCJ9.eyJ0b2tlbl90eXBlIjoicmVmcmVzaCIsImV4cCI6MTczOTU1NjU5NywiaWF0IjoxNzM5NDcwMTk3LCJqdGkiOiJhOGFhMjYyNWNmMGU0YTVmYmJiMTdjZTNhMjRkMTk1ZiIsInVzZXJfaWQiOjEwMH0.6PJQeZayaw_67mmpNZdmA7_DgsMM1N2buqchyRyJePI",
            "created_at": "2025-02-13T18:09:57.430Z",
            "expires_at": "2025-02-14T18:09:57Z"
        }
    },
    {
        "model": "token_blacklist.outstandingtoken",
        "pk": 159,
        "fields": {
            "user": 100,
            "jti": "0ccba3a2649349a19c932f7b88eb542b",
            "token": "eyJhbGciOiJIUzI1NiIsInR5cCI6IkpXVCJ9.eyJ0b2tlbl90eXBlIjoicmVmcmVzaCIsImV4cCI6MTczOTU1ODI0NCwiaWF0IjoxNzM5NDcxODQ0LCJqdGkiOiIwY2NiYTNhMjY0OTM0OWExOWM5MzJmN2I4OGViNTQyYiIsInVzZXJfaWQiOjEwMH0.ficfJ5ruJ2AL2WNyTXdTlJ21Pz-V8924vtOq8Wvkjsk",
            "created_at": "2025-02-13T18:37:24.784Z",
            "expires_at": "2025-02-14T18:37:24Z"
        }
    },
    {
        "model": "token_blacklist.outstandingtoken",
        "pk": 160,
        "fields": {
            "user": 100,
            "jti": "b40933cd05a14bc8b1579f70afe7038a",
            "token": "eyJhbGciOiJIUzI1NiIsInR5cCI6IkpXVCJ9.eyJ0b2tlbl90eXBlIjoicmVmcmVzaCIsImV4cCI6MTczOTU2MjYyMSwiaWF0IjoxNzM5NDc2MjIxLCJqdGkiOiJiNDA5MzNjZDA1YTE0YmM4YjE1NzlmNzBhZmU3MDM4YSIsInVzZXJfaWQiOjEwMH0.IFfxw1G7wCkJAAAbXlwQSSyI1AdJku7Yfrh5ciMbmW0",
            "created_at": "2025-02-13T19:50:21.216Z",
            "expires_at": "2025-02-14T19:50:21Z"
        }
    },
    {
        "model": "token_blacklist.outstandingtoken",
        "pk": 161,
        "fields": {
            "user": 100,
            "jti": "49a48c3e83894d4091c7515d3f2d0d95",
            "token": "eyJhbGciOiJIUzI1NiIsInR5cCI6IkpXVCJ9.eyJ0b2tlbl90eXBlIjoicmVmcmVzaCIsImV4cCI6MTczOTU2NzY5MiwiaWF0IjoxNzM5NDgxMjkyLCJqdGkiOiI0OWE0OGMzZTgzODk0ZDQwOTFjNzUxNWQzZjJkMGQ5NSIsInVzZXJfaWQiOjEwMH0.cEdF3A5umY_9t6e34t-xtgTIDAItwIz2HquvPT9i_R8",
            "created_at": "2025-02-13T21:14:52.444Z",
            "expires_at": "2025-02-14T21:14:52Z"
        }
    },
    {
        "model": "token_blacklist.outstandingtoken",
        "pk": 162,
        "fields": {
            "user": 100,
            "jti": "0e7db0b3634c4126a64e58ff871b6b15",
            "token": "eyJhbGciOiJIUzI1NiIsInR5cCI6IkpXVCJ9.eyJ0b2tlbl90eXBlIjoicmVmcmVzaCIsImV4cCI6MTczOTY0MDE5MywiaWF0IjoxNzM5NTUzNzkzLCJqdGkiOiIwZTdkYjBiMzYzNGM0MTI2YTY0ZTU4ZmY4NzFiNmIxNSIsInVzZXJfaWQiOjEwMH0.BTKB-PVd2zaETl2hfgHbdITbcjfTQooWT_Yw9WAqpV0",
            "created_at": "2025-02-14T17:23:13.690Z",
            "expires_at": "2025-02-15T17:23:13Z"
        }
    },
    {
        "model": "token_blacklist.outstandingtoken",
        "pk": 163,
        "fields": {
            "user": 100,
            "jti": "e7f9d7b4ee3848c2901e5958f3f0c069",
            "token": "eyJhbGciOiJIUzI1NiIsInR5cCI6IkpXVCJ9.eyJ0b2tlbl90eXBlIjoicmVmcmVzaCIsImV4cCI6MTczOTY0NjcyNywiaWF0IjoxNzM5NTYwMzI3LCJqdGkiOiJlN2Y5ZDdiNGVlMzg0OGMyOTAxZTU5NThmM2YwYzA2OSIsInVzZXJfaWQiOjEwMH0.KR0m4uav_VsxXQEAMK9qdnQnMH4BIRv6U0vch1z3nWk",
            "created_at": "2025-02-14T19:12:07.286Z",
            "expires_at": "2025-02-15T19:12:07Z"
        }
    },
    {
        "model": "token_blacklist.outstandingtoken",
        "pk": 164,
        "fields": {
            "user": 100,
            "jti": "2c5db71b389d4531a0ffecb89060e54d",
            "token": "eyJhbGciOiJIUzI1NiIsInR5cCI6IkpXVCJ9.eyJ0b2tlbl90eXBlIjoicmVmcmVzaCIsImV4cCI6MTczOTcwMDY2MywiaWF0IjoxNzM5NjE0MjYzLCJqdGkiOiIyYzVkYjcxYjM4OWQ0NTMxYTBmZmVjYjg5MDYwZTU0ZCIsInVzZXJfaWQiOjEwMH0.-6f1-ZIemxH0GWILygAB3V0bBDqEiwG_71lS5-oXqO4",
            "created_at": "2025-02-15T10:11:03.785Z",
            "expires_at": "2025-02-16T10:11:03Z"
        }
    },
    {
        "model": "token_blacklist.outstandingtoken",
        "pk": 165,
        "fields": {
            "user": 100,
            "jti": "8635ac12e31d44ae902f1f32af4b3dd6",
            "token": "eyJhbGciOiJIUzI1NiIsInR5cCI6IkpXVCJ9.eyJ0b2tlbl90eXBlIjoicmVmcmVzaCIsImV4cCI6MTczOTczMzgxOSwiaWF0IjoxNzM5NjQ3NDE5LCJqdGkiOiI4NjM1YWMxMmUzMWQ0NGFlOTAyZjFmMzJhZjRiM2RkNiIsInVzZXJfaWQiOjEwMH0.9j1Lh9fmXz3dD1NpopyI5eA0fCZRd6Up1uiBoqQ1fbw",
            "created_at": "2025-02-15T19:23:39.716Z",
            "expires_at": "2025-02-16T19:23:39Z"
        }
    },
    {
        "model": "token_blacklist.outstandingtoken",
        "pk": 166,
        "fields": {
            "user": 100,
            "jti": "469c9663d46e4bf38ab981e4b7cc4db3",
            "token": "eyJhbGciOiJIUzI1NiIsInR5cCI6IkpXVCJ9.eyJ0b2tlbl90eXBlIjoicmVmcmVzaCIsImV4cCI6MTczOTc3MjYyMCwiaWF0IjoxNzM5Njg2MjIwLCJqdGkiOiI0NjljOTY2M2Q0NmU0YmYzOGFiOTgxZTRiN2NjNGRiMyIsInVzZXJfaWQiOjEwMH0.R6URBc9WKg0p514kBByv1I6_xHzxNAKtbJviP-IA2Ps",
            "created_at": "2025-02-16T06:10:20.256Z",
            "expires_at": "2025-02-17T06:10:20Z"
        }
    },
    {
        "model": "token_blacklist.outstandingtoken",
        "pk": 167,
        "fields": {
            "user": 100,
            "jti": "78d4f727ec894488b5639ab4d17dc104",
            "token": "eyJhbGciOiJIUzI1NiIsInR5cCI6IkpXVCJ9.eyJ0b2tlbl90eXBlIjoicmVmcmVzaCIsImV4cCI6MTczOTc3ODAyMSwiaWF0IjoxNzM5NjkxNjIxLCJqdGkiOiI3OGQ0ZjcyN2VjODk0NDg4YjU2MzlhYjRkMTdkYzEwNCIsInVzZXJfaWQiOjEwMH0.nZ-TJAQuqQu9HW-0a6s31WeD-MjRw9WIzmm-5d6957Y",
            "created_at": "2025-02-16T07:40:21.919Z",
            "expires_at": "2025-02-17T07:40:21Z"
        }
    },
    {
        "model": "token_blacklist.outstandingtoken",
        "pk": 168,
        "fields": {
            "user": 94,
            "jti": "75bcc2080a82459298a633c36e37d3c6",
            "token": "eyJhbGciOiJIUzI1NiIsInR5cCI6IkpXVCJ9.eyJ0b2tlbl90eXBlIjoicmVmcmVzaCIsImV4cCI6MTczOTc3ODgyMCwiaWF0IjoxNzM5NjkyNDIwLCJqdGkiOiI3NWJjYzIwODBhODI0NTkyOThhNjMzYzM2ZTM3ZDNjNiIsInVzZXJfaWQiOjk0fQ.JSXFcAjIeDPw1mXC5uLJT3ktIO2r5b4ppLgPWAwaypU",
            "created_at": "2025-02-16T07:53:40.664Z",
            "expires_at": "2025-02-17T07:53:40Z"
        }
    },
    {
        "model": "token_blacklist.outstandingtoken",
        "pk": 169,
        "fields": {
            "user": 100,
            "jti": "199d3eec9fdc47638201830f0c7bc93c",
            "token": "eyJhbGciOiJIUzI1NiIsInR5cCI6IkpXVCJ9.eyJ0b2tlbl90eXBlIjoicmVmcmVzaCIsImV4cCI6MTczOTc3OTE4NSwiaWF0IjoxNzM5NjkyNzg1LCJqdGkiOiIxOTlkM2VlYzlmZGM0NzYzODIwMTgzMGYwYzdiYzkzYyIsInVzZXJfaWQiOjEwMH0.J-0nPJbmivTWojDGTgOGpRvmW1OkH0jmmYvKGbtLQMM",
            "created_at": "2025-02-16T07:59:45.586Z",
            "expires_at": "2025-02-17T07:59:45Z"
        }
    },
    {
        "model": "token_blacklist.outstandingtoken",
        "pk": 170,
        "fields": {
            "user": 100,
            "jti": "c19012e9634943d19ed02c8dc282665d",
            "token": "eyJhbGciOiJIUzI1NiIsInR5cCI6IkpXVCJ9.eyJ0b2tlbl90eXBlIjoicmVmcmVzaCIsImV4cCI6MTczOTc4ODIxMiwiaWF0IjoxNzM5NzAxODEyLCJqdGkiOiJjMTkwMTJlOTYzNDk0M2QxOWVkMDJjOGRjMjgyNjY1ZCIsInVzZXJfaWQiOjEwMH0.4UbEq-b9IrxYLWkqpv43ZoBV2lsOpvTb_iEgMR0pLF4",
            "created_at": "2025-02-16T10:30:12.309Z",
            "expires_at": "2025-02-17T10:30:12Z"
        }
    },
    {
        "model": "token_blacklist.outstandingtoken",
        "pk": 171,
        "fields": {
            "user": 100,
            "jti": "53d61928707b488c908f107bac5a2f89",
            "token": "eyJhbGciOiJIUzI1NiIsInR5cCI6IkpXVCJ9.eyJ0b2tlbl90eXBlIjoicmVmcmVzaCIsImV4cCI6MTczOTg4NzM4NCwiaWF0IjoxNzM5ODAwOTg0LCJqdGkiOiI1M2Q2MTkyODcwN2I0ODhjOTA4ZjEwN2JhYzVhMmY4OSIsInVzZXJfaWQiOjEwMH0.ekmpmFWcUzw4eRoZl8yIlBeXDTkerCDzr_aDBsb_jC8",
            "created_at": "2025-02-17T14:03:04.154Z",
            "expires_at": "2025-02-18T14:03:04Z"
        }
    },
    {
        "model": "token_blacklist.outstandingtoken",
        "pk": 172,
        "fields": {
            "user": 100,
            "jti": "5b324f3d3896416584c07ffdacf883fe",
            "token": "eyJhbGciOiJIUzI1NiIsInR5cCI6IkpXVCJ9.eyJ0b2tlbl90eXBlIjoicmVmcmVzaCIsImV4cCI6MTczOTkwMTAwMywiaWF0IjoxNzM5ODE0NjAzLCJqdGkiOiI1YjMyNGYzZDM4OTY0MTY1ODRjMDdmZmRhY2Y4ODNmZSIsInVzZXJfaWQiOjEwMH0.arpM2jI7QMI-VLUcUTFd2vo1BGUS0ymYR3dyjsMh_TA",
            "created_at": "2025-02-17T17:50:03.916Z",
            "expires_at": "2025-02-18T17:50:03Z"
        }
    },
    {
        "model": "token_blacklist.outstandingtoken",
        "pk": 173,
        "fields": {
            "user": 100,
            "jti": "a6e2c9a6928e41ccba38cef37fa09282",
            "token": "eyJhbGciOiJIUzI1NiIsInR5cCI6IkpXVCJ9.eyJ0b2tlbl90eXBlIjoicmVmcmVzaCIsImV4cCI6MTczOTkxMDU5MCwiaWF0IjoxNzM5ODI0MTkwLCJqdGkiOiJhNmUyYzlhNjkyOGU0MWNjYmEzOGNlZjM3ZmEwOTI4MiIsInVzZXJfaWQiOjEwMH0.33vhO-UHs_adK4SalaMBUdcp4YIHdgsRIIbuQMiiDAM",
            "created_at": "2025-02-17T20:29:50.388Z",
            "expires_at": "2025-02-18T20:29:50Z"
        }
    },
    {
        "model": "token_blacklist.outstandingtoken",
        "pk": 174,
        "fields": {
            "user": 100,
            "jti": "6a956322f12f4d3087092230a0d34bab",
            "token": "eyJhbGciOiJIUzI1NiIsInR5cCI6IkpXVCJ9.eyJ0b2tlbl90eXBlIjoicmVmcmVzaCIsImV4cCI6MTczOTk2ODI4MiwiaWF0IjoxNzM5ODgxODgyLCJqdGkiOiI2YTk1NjMyMmYxMmY0ZDMwODcwOTIyMzBhMGQzNGJhYiIsInVzZXJfaWQiOjEwMH0.uvikBjPhcoQuzUGgxMitaoLZ3afAuTGP4O6nncfWtGI",
            "created_at": "2025-02-18T12:31:22.753Z",
            "expires_at": "2025-02-19T12:31:22Z"
        }
    },
    {
        "model": "token_blacklist.outstandingtoken",
        "pk": 175,
        "fields": {
            "user": 100,
            "jti": "c5e98740e898410da1634fe76da3938d",
            "token": "eyJhbGciOiJIUzI1NiIsInR5cCI6IkpXVCJ9.eyJ0b2tlbl90eXBlIjoicmVmcmVzaCIsImV4cCI6MTc0MDA1OTY5NSwiaWF0IjoxNzM5OTczMjk1LCJqdGkiOiJjNWU5ODc0MGU4OTg0MTBkYTE2MzRmZTc2ZGEzOTM4ZCIsInVzZXJfaWQiOjEwMH0.1FNXSK78r5v2E6LaUDQsTdf77Wpg_bk1OPkURNGvqAY",
            "created_at": "2025-02-19T13:54:55.752Z",
            "expires_at": "2025-02-20T13:54:55Z"
        }
    },
    {
        "model": "token_blacklist.blacklistedtoken",
        "pk": 1,
        "fields": {
            "token": 4,
            "blacklisted_at": "2024-12-12T14:03:41.960Z"
        }
    },
    {
        "model": "token_blacklist.blacklistedtoken",
        "pk": 2,
        "fields": {
            "token": 5,
            "blacklisted_at": "2024-12-12T14:07:40.436Z"
        }
    },
    {
        "model": "token_blacklist.blacklistedtoken",
        "pk": 3,
        "fields": {
            "token": 8,
            "blacklisted_at": "2024-12-12T14:23:55.800Z"
        }
    },
    {
        "model": "token_blacklist.blacklistedtoken",
        "pk": 4,
        "fields": {
            "token": 11,
            "blacklisted_at": "2024-12-12T14:45:53.292Z"
        }
    },
    {
        "model": "token_blacklist.blacklistedtoken",
        "pk": 5,
        "fields": {
            "token": 12,
            "blacklisted_at": "2024-12-12T18:08:59.461Z"
        }
    },
    {
        "model": "token_blacklist.blacklistedtoken",
        "pk": 6,
        "fields": {
            "token": 13,
            "blacklisted_at": "2024-12-13T10:58:44.197Z"
        }
    },
    {
        "model": "token_blacklist.blacklistedtoken",
        "pk": 7,
        "fields": {
            "token": 14,
            "blacklisted_at": "2024-12-13T11:04:12.536Z"
        }
    },
    {
        "model": "token_blacklist.blacklistedtoken",
        "pk": 8,
        "fields": {
            "token": 15,
            "blacklisted_at": "2024-12-13T15:40:35.588Z"
        }
    },
    {
        "model": "token_blacklist.blacklistedtoken",
        "pk": 9,
        "fields": {
            "token": 16,
            "blacklisted_at": "2024-12-13T15:40:45.540Z"
        }
    },
    {
        "model": "token_blacklist.blacklistedtoken",
        "pk": 10,
        "fields": {
            "token": 17,
            "blacklisted_at": "2024-12-13T15:58:52.311Z"
        }
    },
    {
        "model": "token_blacklist.blacklistedtoken",
        "pk": 11,
        "fields": {
            "token": 18,
            "blacklisted_at": "2024-12-13T16:14:47.900Z"
        }
    },
    {
        "model": "token_blacklist.blacklistedtoken",
        "pk": 12,
        "fields": {
            "token": 20,
            "blacklisted_at": "2024-12-13T18:12:39.090Z"
        }
    },
    {
        "model": "token_blacklist.blacklistedtoken",
        "pk": 13,
        "fields": {
            "token": 21,
            "blacklisted_at": "2024-12-13T18:12:56.053Z"
        }
    },
    {
        "model": "token_blacklist.blacklistedtoken",
        "pk": 14,
        "fields": {
            "token": 19,
            "blacklisted_at": "2024-12-13T18:18:01.980Z"
        }
    },
    {
        "model": "token_blacklist.blacklistedtoken",
        "pk": 15,
        "fields": {
            "token": 23,
            "blacklisted_at": "2024-12-13T18:18:48.417Z"
        }
    },
    {
        "model": "token_blacklist.blacklistedtoken",
        "pk": 16,
        "fields": {
            "token": 22,
            "blacklisted_at": "2024-12-13T18:22:06.328Z"
        }
    },
    {
        "model": "token_blacklist.blacklistedtoken",
        "pk": 17,
        "fields": {
            "token": 26,
            "blacklisted_at": "2024-12-13T19:42:05.667Z"
        }
    },
    {
        "model": "token_blacklist.blacklistedtoken",
        "pk": 18,
        "fields": {
            "token": 27,
            "blacklisted_at": "2024-12-13T19:43:25.054Z"
        }
    },
    {
        "model": "token_blacklist.blacklistedtoken",
        "pk": 19,
        "fields": {
            "token": 30,
            "blacklisted_at": "2024-12-13T19:57:48.527Z"
        }
    },
    {
        "model": "token_blacklist.blacklistedtoken",
        "pk": 20,
        "fields": {
            "token": 31,
            "blacklisted_at": "2024-12-13T19:59:19.793Z"
        }
    },
    {
        "model": "token_blacklist.blacklistedtoken",
        "pk": 21,
        "fields": {
            "token": 34,
            "blacklisted_at": "2024-12-13T20:03:22.108Z"
        }
    },
    {
        "model": "token_blacklist.blacklistedtoken",
        "pk": 22,
        "fields": {
            "token": 41,
            "blacklisted_at": "2024-12-14T18:44:20.467Z"
        }
    },
    {
        "model": "token_blacklist.blacklistedtoken",
        "pk": 23,
        "fields": {
            "token": 39,
            "blacklisted_at": "2024-12-14T18:53:47.385Z"
        }
    },
    {
        "model": "token_blacklist.blacklistedtoken",
        "pk": 24,
        "fields": {
            "token": 42,
            "blacklisted_at": "2024-12-14T18:54:01.602Z"
        }
    },
    {
        "model": "token_blacklist.blacklistedtoken",
        "pk": 25,
        "fields": {
            "token": 43,
            "blacklisted_at": "2024-12-14T18:54:12.617Z"
        }
    },
    {
        "model": "token_blacklist.blacklistedtoken",
        "pk": 26,
        "fields": {
            "token": 45,
            "blacklisted_at": "2024-12-14T18:56:41.420Z"
        }
    },
    {
        "model": "token_blacklist.blacklistedtoken",
        "pk": 27,
        "fields": {
            "token": 47,
            "blacklisted_at": "2024-12-15T09:48:05.368Z"
        }
    },
    {
        "model": "token_blacklist.blacklistedtoken",
        "pk": 28,
        "fields": {
            "token": 49,
            "blacklisted_at": "2024-12-17T10:07:06.681Z"
        }
    },
    {
        "model": "token_blacklist.blacklistedtoken",
        "pk": 29,
        "fields": {
            "token": 50,
            "blacklisted_at": "2024-12-17T20:03:37.011Z"
        }
    },
    {
        "model": "token_blacklist.blacklistedtoken",
        "pk": 30,
        "fields": {
            "token": 51,
            "blacklisted_at": "2024-12-17T21:15:35.210Z"
        }
    },
    {
        "model": "token_blacklist.blacklistedtoken",
        "pk": 31,
        "fields": {
            "token": 53,
            "blacklisted_at": "2024-12-19T13:38:34.570Z"
        }
    },
    {
        "model": "token_blacklist.blacklistedtoken",
        "pk": 32,
        "fields": {
            "token": 54,
            "blacklisted_at": "2024-12-19T15:00:08.282Z"
        }
    },
    {
        "model": "token_blacklist.blacklistedtoken",
        "pk": 33,
        "fields": {
            "token": 55,
            "blacklisted_at": "2024-12-19T15:00:45.265Z"
        }
    },
    {
        "model": "token_blacklist.blacklistedtoken",
        "pk": 34,
        "fields": {
            "token": 60,
            "blacklisted_at": "2024-12-21T09:33:10.693Z"
        }
    },
    {
        "model": "token_blacklist.blacklistedtoken",
        "pk": 35,
        "fields": {
            "token": 62,
            "blacklisted_at": "2024-12-21T09:50:24.503Z"
        }
    },
    {
        "model": "token_blacklist.blacklistedtoken",
        "pk": 36,
        "fields": {
            "token": 64,
            "blacklisted_at": "2024-12-23T17:37:03.315Z"
        }
    },
    {
        "model": "token_blacklist.blacklistedtoken",
        "pk": 37,
        "fields": {
            "token": 65,
            "blacklisted_at": "2024-12-23T17:37:22.289Z"
        }
    },
    {
        "model": "token_blacklist.blacklistedtoken",
        "pk": 38,
        "fields": {
            "token": 68,
            "blacklisted_at": "2024-12-25T21:00:51.692Z"
        }
    },
    {
        "model": "token_blacklist.blacklistedtoken",
        "pk": 39,
        "fields": {
            "token": 70,
            "blacklisted_at": "2025-01-04T09:55:07.016Z"
        }
    },
    {
        "model": "token_blacklist.blacklistedtoken",
        "pk": 40,
        "fields": {
            "token": 80,
            "blacklisted_at": "2025-01-06T11:46:42.727Z"
        }
    },
    {
        "model": "token_blacklist.blacklistedtoken",
        "pk": 41,
        "fields": {
            "token": 77,
            "blacklisted_at": "2025-01-06T11:51:38.993Z"
        }
    },
    {
        "model": "token_blacklist.blacklistedtoken",
        "pk": 42,
        "fields": {
            "token": 82,
            "blacklisted_at": "2025-01-06T11:52:03.966Z"
        }
    },
    {
        "model": "token_blacklist.blacklistedtoken",
        "pk": 43,
        "fields": {
            "token": 83,
            "blacklisted_at": "2025-01-06T12:00:32.788Z"
        }
    },
    {
        "model": "token_blacklist.blacklistedtoken",
        "pk": 44,
        "fields": {
            "token": 86,
            "blacklisted_at": "2025-01-07T09:20:19.090Z"
        }
    },
    {
        "model": "token_blacklist.blacklistedtoken",
        "pk": 45,
        "fields": {
            "token": 88,
            "blacklisted_at": "2025-01-07T13:57:32.674Z"
        }
    },
    {
        "model": "token_blacklist.blacklistedtoken",
        "pk": 46,
        "fields": {
            "token": 89,
            "blacklisted_at": "2025-01-07T13:58:54.863Z"
        }
    },
    {
        "model": "token_blacklist.blacklistedtoken",
        "pk": 47,
        "fields": {
            "token": 90,
            "blacklisted_at": "2025-01-07T17:44:00.316Z"
        }
    },
    {
        "model": "token_blacklist.blacklistedtoken",
        "pk": 48,
        "fields": {
            "token": 91,
            "blacklisted_at": "2025-01-08T05:06:05.693Z"
        }
    },
    {
        "model": "token_blacklist.blacklistedtoken",
        "pk": 49,
        "fields": {
            "token": 92,
            "blacklisted_at": "2025-01-08T05:07:14.839Z"
        }
    },
    {
        "model": "token_blacklist.blacklistedtoken",
        "pk": 50,
        "fields": {
            "token": 95,
            "blacklisted_at": "2025-01-09T18:48:49.251Z"
        }
    },
    {
        "model": "token_blacklist.blacklistedtoken",
        "pk": 51,
        "fields": {
            "token": 97,
            "blacklisted_at": "2025-01-09T20:33:29.627Z"
        }
    },
    {
        "model": "token_blacklist.blacklistedtoken",
        "pk": 52,
        "fields": {
            "token": 98,
            "blacklisted_at": "2025-01-09T20:34:04.432Z"
        }
    },
    {
        "model": "token_blacklist.blacklistedtoken",
        "pk": 53,
        "fields": {
            "token": 100,
            "blacklisted_at": "2025-01-17T13:31:19.968Z"
        }
    },
    {
        "model": "token_blacklist.blacklistedtoken",
        "pk": 54,
        "fields": {
            "token": 101,
            "blacklisted_at": "2025-01-17T13:31:28.809Z"
        }
    },
    {
        "model": "token_blacklist.blacklistedtoken",
        "pk": 55,
        "fields": {
            "token": 103,
            "blacklisted_at": "2025-01-30T04:45:34.293Z"
        }
    },
    {
        "model": "token_blacklist.blacklistedtoken",
        "pk": 56,
        "fields": {
            "token": 104,
            "blacklisted_at": "2025-01-30T04:51:49.437Z"
        }
    },
    {
        "model": "token_blacklist.blacklistedtoken",
        "pk": 57,
        "fields": {
            "token": 105,
            "blacklisted_at": "2025-01-30T09:08:33.555Z"
        }
    },
    {
        "model": "token_blacklist.blacklistedtoken",
        "pk": 58,
        "fields": {
            "token": 106,
            "blacklisted_at": "2025-01-30T09:15:10.298Z"
        }
    },
    {
        "model": "token_blacklist.blacklistedtoken",
        "pk": 59,
        "fields": {
            "token": 107,
            "blacklisted_at": "2025-01-30T09:19:47.917Z"
        }
    },
    {
        "model": "token_blacklist.blacklistedtoken",
        "pk": 60,
        "fields": {
            "token": 108,
            "blacklisted_at": "2025-01-30T09:38:19.319Z"
        }
    },
    {
        "model": "token_blacklist.blacklistedtoken",
        "pk": 61,
        "fields": {
            "token": 109,
            "blacklisted_at": "2025-01-30T10:54:35.322Z"
        }
    },
    {
        "model": "token_blacklist.blacklistedtoken",
        "pk": 62,
        "fields": {
            "token": 111,
            "blacklisted_at": "2025-01-30T12:33:54.464Z"
        }
    },
    {
        "model": "token_blacklist.blacklistedtoken",
        "pk": 63,
        "fields": {
            "token": 112,
            "blacklisted_at": "2025-01-30T12:34:03.020Z"
        }
    },
    {
        "model": "token_blacklist.blacklistedtoken",
        "pk": 64,
        "fields": {
            "token": 113,
            "blacklisted_at": "2025-01-30T13:28:59.235Z"
        }
    },
    {
        "model": "token_blacklist.blacklistedtoken",
        "pk": 65,
        "fields": {
            "token": 114,
            "blacklisted_at": "2025-01-30T13:29:20.991Z"
        }
    },
    {
        "model": "token_blacklist.blacklistedtoken",
        "pk": 66,
        "fields": {
            "token": 115,
            "blacklisted_at": "2025-01-30T13:29:33.866Z"
        }
    },
    {
        "model": "token_blacklist.blacklistedtoken",
        "pk": 67,
        "fields": {
            "token": 110,
            "blacklisted_at": "2025-01-30T13:47:55.970Z"
        }
    },
    {
        "model": "token_blacklist.blacklistedtoken",
        "pk": 68,
        "fields": {
            "token": 117,
            "blacklisted_at": "2025-01-30T14:06:36.503Z"
        }
    },
    {
        "model": "token_blacklist.blacklistedtoken",
        "pk": 69,
        "fields": {
            "token": 116,
            "blacklisted_at": "2025-01-31T10:04:15.877Z"
        }
    },
    {
        "model": "token_blacklist.blacklistedtoken",
        "pk": 70,
        "fields": {
            "token": 119,
            "blacklisted_at": "2025-01-31T10:04:23.635Z"
        }
    },
    {
        "model": "token_blacklist.blacklistedtoken",
        "pk": 71,
        "fields": {
            "token": 127,
            "blacklisted_at": "2025-02-03T14:22:53.597Z"
        }
    },
    {
        "model": "token_blacklist.blacklistedtoken",
        "pk": 72,
        "fields": {
            "token": 129,
            "blacklisted_at": "2025-02-04T08:49:31.601Z"
        }
    },
    {
        "model": "token_blacklist.blacklistedtoken",
        "pk": 73,
        "fields": {
            "token": 130,
            "blacklisted_at": "2025-02-04T08:50:42.788Z"
        }
    },
    {
        "model": "token_blacklist.blacklistedtoken",
        "pk": 74,
        "fields": {
            "token": 128,
            "blacklisted_at": "2025-02-04T09:34:44.180Z"
        }
    },
    {
        "model": "token_blacklist.blacklistedtoken",
        "pk": 75,
        "fields": {
            "token": 133,
            "blacklisted_at": "2025-02-06T13:28:46.207Z"
        }
    },
    {
        "model": "token_blacklist.blacklistedtoken",
        "pk": 76,
        "fields": {
            "token": 135,
            "blacklisted_at": "2025-02-11T18:02:41.287Z"
        }
    },
    {
        "model": "token_blacklist.blacklistedtoken",
        "pk": 77,
        "fields": {
            "token": 137,
            "blacklisted_at": "2025-02-11T18:15:51.628Z"
        }
    },
    {
        "model": "token_blacklist.blacklistedtoken",
        "pk": 78,
        "fields": {
            "token": 136,
            "blacklisted_at": "2025-02-11T18:16:00.170Z"
        }
    },
    {
        "model": "token_blacklist.blacklistedtoken",
        "pk": 79,
        "fields": {
            "token": 140,
            "blacklisted_at": "2025-02-12T02:04:39.077Z"
        }
    },
    {
        "model": "token_blacklist.blacklistedtoken",
        "pk": 80,
        "fields": {
            "token": 153,
            "blacklisted_at": "2025-02-13T18:06:04.437Z"
        }
    },
    {
        "model": "token_blacklist.blacklistedtoken",
        "pk": 81,
        "fields": {
            "token": 154,
            "blacklisted_at": "2025-02-13T18:06:22.908Z"
        }
    },
    {
        "model": "token_blacklist.blacklistedtoken",
        "pk": 82,
        "fields": {
            "token": 157,
            "blacklisted_at": "2025-02-13T18:09:43.637Z"
        }
    },
    {
        "model": "token_blacklist.blacklistedtoken",
        "pk": 83,
        "fields": {
            "token": 167,
            "blacklisted_at": "2025-02-16T07:53:33.794Z"
        }
    },
    {
        "model": "token_blacklist.blacklistedtoken",
        "pk": 84,
        "fields": {
            "token": 168,
            "blacklisted_at": "2025-02-16T07:59:39.747Z"
        }
    },
    {
        "model": "token_blacklist.blacklistedtoken",
        "pk": 85,
        "fields": {
            "token": 169,
            "blacklisted_at": "2025-02-16T09:11:42.784Z"
        }
    }
]